base_image,categories,cdw_part_number,description,name,price,short_description,sku,tech_specs,thumbnail_image
https://webobjects2.cdw.com/is/image/CDW/5450147?$400x350$,Networking,CDW#: 5450147,"The Intel Ethernet Server Adapter X710-DA2 for OCP is part of the Intel Ethernet 700 Series Network Adapters. These adapters are the foundation for server connectivity, providing broad interoperability, critical performance optimizations, and increased agility for Telecommunications, Cloud, and Enterprise IT network solutions.",Intel Ethernet Converged Network Adapter X710-DA2 - network adapter - PCIe,$228.99,"<div class=""quick-tech-spec"">
                    <div class=""quick-tech-spec-row"">
                        <div class=""quick-tech-spec-col"">
                            <ul>
                                    <li>DA2</li>
                                    <li>PCIe 3.0 x8 low profile</li>
                            </ul>
                        </div>
                        <div class=""quick-tech-spec-col"">
                            <ul>
                                    <li>Network adapter</li>
                                    <li>10 Gigabit SFP+ x 2</li>
                            </ul>
                        </div>
                    </div>
                </div>",MFG#: X710DA2OCP1,,
https://webobjects2.cdw.com/is/image/CDW/4046733?$400x350$,Networking,CDW#: 4046733,"Extend your wired Internet access to any room in your house using your existing electrical wiring. Just plug the Powerline 1000 into any electrical outlet then plug in your device into the adapter. It's that easy. With its high speed and Homeplug AV2 support, the Powerline 1000 adapter is perfect for connecting smart TVs, streaming players, and game consoles.","NETGEAR PowerLINE 1000 Mbps, 1 Gigabit Port (PL1000)",$84.99,"<div class=""quick-tech-spec"">
                    <div class=""quick-tech-spec-row"">
                        <div class=""quick-tech-spec-col"">
                            <ul>
                                    <li> GigE</li>
                                    <li>wall-pluggable (pack of 2)</li>
                            </ul>
                        </div>
                        <div class=""quick-tech-spec-col"">
                            <ul>
                                    <li>HomePlug AV (HPAV) 2.0</li>
                            </ul>
                        </div>
                    </div>
                </div>",MFG#: PL1000-100PAS,,https://webobjects2.cdw.com/is/image/CDW/4046733a
https://webobjects2.cdw.com/is/image/CDW/4052163?$400x350$,Networking,CDW#: 4052163,"Enjoy the freedom of Wi-Fi connectivity for any of your Ethernet enabled devices at home or in the office with IOGEAR's Ethernet-2-WiFi Universal Wireless Adapter. This is the ideal solution for devices that do not have built-in Wi-Fi and is universally compatible with any device with an Ethernet port. Avoid the clutter of cables and connect devices such as HDTVs, game consoles, and Blu-ray players to your Wi-Fi network.",IOGEAR Ethernet-2-WiFi Universal Wireless Transmitter - bridge - 802.11b/g/,$36.99,"<div class=""quick-tech-spec"">
                    <div class=""quick-tech-spec-row"">
                        <div class=""quick-tech-spec-col"">
                            <ul>
                                    <li>2-WiFi Universal Wireless Transmitter</li>
                                    <li>802.11b/g/n</li>
                            </ul>
                        </div>
                        <div class=""quick-tech-spec-col"">
                            <ul>
                                    <li>Bridge</li>
                                    <li>2.4 GHz</li>
                            </ul>
                        </div>
                    </div>
                </div>",MFG#: GWU637,,"https://webobjects2.cdw.com/is/image/CDW/4052163a,https://webobjects2.cdw.com/is/image/CDW/4052163b,https://webobjects2.cdw.com/is/image/CDW/4052163c"
https://webobjects2.cdw.com/is/image/CDW/4564289?$400x350$,Networking,CDW#: 4564289,"Connect to a GbE network plus add three USB Type-A ports and PD Charging through your laptop's USB-C port. Add powerful connectivity to your USB-C enabled laptop, tablet or desktop computer. Ideal for mobile use, this USB-C to Ethernet adapter plugs into your USB-C or Thunderbolt 3 port to provide wired network access, and gives you three USB 3.0 Type-A ports to connect your peripheral devices. Plus you can charge your laptop as you work. It makes a great companion for your MacBook, Chromebook Pixel, Dell XPS 12, or other device.",StarTech.com USB C to Gigabit Ethernet Adapter NIC w/ Hub & Power Delivery,$58.99,"<div class=""quick-tech-spec"">
                    <div class=""quick-tech-spec-row"">
                        <div class=""quick-tech-spec-col"">
                            <ul>
                                    <li>Connect to a GbE network plus add three USB Type-A ports and PD Charging through your laptop’s USB-C port</li>
                                    <li>USBC GbE Network Adapter + USB 3.0 Hub</li>
                                    <li>Supports USB Power Delivery 2.0 when using your laptops USB C power adapter</li>
                            </ul>
                        </div>
                        <div class=""quick-tech-spec-col"">
                            <ul>
                                    <li>USB-C to Ethernet Adapter with 3-Port USB 3.0 Hub and Power Delivery</li>
                                    <li>Ideal for any USB-C laptop that uses a USB-C power adapter incl MacBook Pro / MacBook Air / Dell XPS 13 and HP Spectre x360</li>
                                    <li>Travel-sized and self-powered ideal for mobile use / MacBook USB adapter</li>
                            </ul>
                        </div>
                    </div>
                </div>",MFG#: US1GC303APD,,"https://webobjects2.cdw.com/is/image/CDW/4564289a,https://webobjects2.cdw.com/is/image/CDW/4564289b,https://webobjects2.cdw.com/is/image/CDW/4564289c,https://webobjects2.cdw.com/is/image/CDW/4564289d"
https://webobjects2.cdw.com/is/image/CDW/1637153?$400x350$,Networking,CDW#: 1637153,DPCs provide multiple physical interfaces and Packet Forwarding Engines on a single board that installs in a slot in the Juniper Networks MX-series Ethernet Services Router. A DPC receives incoming packets from the network and sends outgoing packets to the network. The Packet Forwarding Engines on a DPC are equipped with purpose-built application-specific integrated circuits (ASICs) that perform packet processing and forwarding. Each Packet Forwarding Engine consists of one I-chip for Layer 3 processing and one Layer 2 network processor.,Juniper Networks Dense Port Concentrator - expansion module - 20 ports,"$88,989.99","<div class=""quick-tech-spec"">
                    <div class=""quick-tech-spec-row"">
                        <div class=""quick-tech-spec-col"">
                            <ul>
                                    <li> Expansion module</li>
                                    <li>20 ports</li>
                                    <li>MX480</li>
                            </ul>
                        </div>
                        <div class=""quick-tech-spec-col"">
                            <ul>
                                    <li>GigE</li>
                                    <li>for MX-series MX240</li>
                                    <li>MX960</li>
                            </ul>
                        </div>
                    </div>
                </div>",MFG#: DPCE-R-20GE-2XGE,,
https://webobjects2.cdw.com/is/image/CDW/6292275?$400x350$,Networking,CDW#: 6292275,"Industrial PoE Media Converter 10/100/1000 Mbps 60 Watts Open SFP DIN Rail Mountable. This open SFP PoE fiber media converter offers an easy, inexpensive way to extend the reach of your data and power devices at remote locations using your network over fiber, using the SFP of your choice. It combines the data connectivity of a media converter with the flexible power supply capabilities of a PoE injector",StarTech.com Industrial Fiber to Ethernet Media Converter w/PoE+ 60W,$199.99,"<div class=""quick-tech-spec"">
                    <div class=""quick-tech-spec-row"">
                        <div class=""quick-tech-spec-col"">
                            <ul>
                                    <li>Fiber to Ethernet Media Converter extends networks and converts SM/MM fiber to RJ-45 Copper</li>
                                    <li>1 Gbps| 1 x SFP (MSA Compliant) | 1x RJ45 | 48V-56VDC | IEEE 802.3af (PoE)/IEEE 802.3at (PoE+) (60W) | 10/100/1000Mbps Auto-Negotiation | LFP | 16K Jumbo Frames | IP-30 Aluminum | w/DIN/Wall Mount Hardware</li>
                                    <li>Power w/48-56VDC terminal block or standard 48-56VDC Type N wall adapter</li>
                            </ul>
                        </div>
                        <div class=""quick-tech-spec-col"">
                            <ul>
                                    <li>Gigabit Ethernet media converter is PSE source for up to 60W power to PD devices</li>
                                    <li>Industrial -40C to 75C temp</li>
                            </ul>
                        </div>
                    </div>
                </div>",MFG#: IMC1GSFP60W,,"https://webobjects2.cdw.com/is/image/CDW/6292275a,https://webobjects2.cdw.com/is/image/CDW/6292275b,https://webobjects2.cdw.com/is/image/CDW/6292275c,https://webobjects2.cdw.com/is/image/CDW/6292275d,https://webobjects2.cdw.com/is/image/CDW/6292275e"
https://webobjects2.cdw.com/is/image/CDW/6335536?$400x350$,Networking,CDW#: 6335536,"The Cisco UCS VIC 1457 (Figure 5) is a quad-port Small Form-Factor Pluggable (SFP28) mLOM card designed for the M5 generation of Cisco UCS C-Series Rack Servers. The card supports 10/25-Gbps Ethernet or FCoE. The card can present PCIe standards-compliant interfaces to the host, and these can be dynamically configured as either NICs or HBAs.",Cisco UCS Virtual Interface Card 1457 - network adapter - PCIe 3.0 x16 - 10,"$1,328.99","<div class=""quick-tech-spec"">
                    <div class=""quick-tech-spec-row"">
                        <div class=""quick-tech-spec-col"">
                            <ul>
                                    <li> Network adapter</li>
                                    <li>10Gb Ethernet / 25Gb Ethernet SFP28 x 4</li>
                                    <li>SmartPlay Select C220 M5SX</li>
                            </ul>
                        </div>
                        <div class=""quick-tech-spec-col"">
                            <ul>
                                    <li>PCIe 3.0 x16</li>
                                    <li>for UCS C240 M5</li>
                                    <li>SmartPlay Select C240 M5SX</li>
                            </ul>
                        </div>
                    </div>
                </div>",MFG#: UCSC-MLOM-C25Q-04=,,"https://webobjects2.cdw.com/is/image/CDW/6335536a,https://webobjects2.cdw.com/is/image/CDW/6335536b,https://webobjects2.cdw.com/is/image/CDW/6335536c"
https://webobjects2.cdw.com/is/image/CDW/6338533?$400x350$,Networking,CDW#: 6338533,The Intel I350 family represents an advanced step in the Gigabit Ethernet networking evolution for the enterprise and data center by introducing higher levels of performance through powerful enhancements.,Intel Ethernet Network Adapter I350-T4 - network adapter - OCP 3.0 - 1000Ba,$198.99,"<div class=""quick-tech-spec"">
                    <div class=""quick-tech-spec-row"">
                        <div class=""quick-tech-spec-col"">
                            <ul>
                                    <li>T4</li>
                                    <li>OCP 3.0</li>
                            </ul>
                        </div>
                        <div class=""quick-tech-spec-col"">
                            <ul>
                                    <li>Network adapter</li>
                                    <li>1000Base-T x 4</li>
                            </ul>
                        </div>
                    </div>
                </div>",MFG#: I350T4OCPV3,,
https://webobjects2.cdw.com/is/image/CDW/6509938?$400x350$,Networking,CDW#: 6509938,The Unitrends Fiber Channel Network Adapter ensures efficient network connectivity between a compatible server and storage area network. It incorporates the 8 GB fiber channel high-speed network technology.,Unitrends 8GB Fiber Channel Network Adapter,$78.99,"<div class=""quick-tech-spec"">
                    <div class=""quick-tech-spec-row"">
                        <div class=""quick-tech-spec-col"">
                            <ul>
                                    <li>Data Link Protocol: 8GB Fiber Channel</li>
                            </ul>
                        </div>
                        <div class=""quick-tech-spec-col"">
                            <ul>
                            </ul>
                        </div>
                    </div>
                </div>",MFG#: G9-ADA-1X8FC-F-M,,
https://webobjects2.cdw.com/is/image/CDW/6521409?$400x350$,Networking,CDW#: 6521409,Ensure efficient network connectivity with the Userful Ethernet Adapter. Designed for use with the Centerm C75v2 Zero Client.,Userful Adapter for Centerm C75v2 Zero Client,$123.99,"<div class=""quick-tech-spec"">
                    <div class=""quick-tech-spec-row"">
                        <div class=""quick-tech-spec-col"">
                            <ul>
                                    <li>Compatible with Centerm C75v2 Zero Client</li>
                            </ul>
                        </div>
                        <div class=""quick-tech-spec-col"">
                            <ul>
                            </ul>
                        </div>
                    </div>
                </div>",MFG#: UA-ZC-C75-P,,
https://webobjects2.cdw.com/is/image/CDW/4628558?$400x350$,Networking,CDW#: 4628558,,HP REMAN 1GB ETHERNET 4P 331FLR ADAP,$95.99,,MFG#: 629135-B22,,
https://webobjects2.cdw.com/is/image/CDW/3515373?$400x350$,Networking,CDW#: 3515373,,CHK 1GBE EXT BYPASS UNIT,"$7,475.99",,MFG#: CPAC-DP-1SX-BPP,,
https://webobjects2.cdw.com/is/image/CDW/191236?$400x350$,Networking,CDW#: 191236,,MCAFEE/NAI TR PCMCIA CARD,$479.99,,MFG#: NIC-TRNB-NA-100A,,
https://webobjects2.cdw.com/is/image/CDW/5449212?$400x350$,Networking,CDW#: 5449212,"ConnectX-6 with Virtual Protocol Interconnect supports two ports of 200 Gb/s InfiniBand and Ethernet connectivity, sub-600 nanosecond latency, and 200 million messages per second, providing the highest performance and most flexible solution for the most demanding applications and markets.",Mellanox ConnectX-6 VPI MCX653106A-HDAT - network adapter - PCIe 4.0 x16 -,"$1,621.99","<div class=""quick-tech-spec"">
                    <div class=""quick-tech-spec-row"">
                        <div class=""quick-tech-spec-col"">
                            <ul>
                                    <li>6 VPI MCX653106A-HDAT</li>
                                    <li>PCIe 4.0 x16 low profile</li>
                            </ul>
                        </div>
                        <div class=""quick-tech-spec-col"">
                            <ul>
                                    <li>Network adapter</li>
                                    <li>200Gb Ethernet / 200Gb Infiniband QSFP28 x 2</li>
                            </ul>
                        </div>
                    </div>
                </div>",MFG#: MCX653106A-HDAT,,
https://webobjects2.cdw.com/is/image/CDW/5825780?$400x350$,Networking,CDW#: 5825780,,Mellanox ConnectX-6 Dx MT28928A0-NCCF-CE - network adapter - PCIe 4.0 x16 -,"$1,022.99","<div class=""quick-tech-spec"">
                    <div class=""quick-tech-spec-row"">
                        <div class=""quick-tech-spec-col"">
                            <ul>
                                    <li>6 Dx MT28928A0-NCCF-CE</li>
                                    <li>PCIe 4.0 x16</li>
                            </ul>
                        </div>
                        <div class=""quick-tech-spec-col"">
                            <ul>
                                    <li>Network adapter</li>
                                    <li>100 Gigabit Ethernet x 2</li>
                            </ul>
                        </div>
                    </div>
                </div>",MFG#: MT28928A0-NCCF-CE,,
https://webobjects2.cdw.com/is/image/CDW/5101079?$400x350$,Networking,CDW#: 5101079,"Intel QuickAssist Adapter 8970 features industry leading security and compression hardware acceleration performance. It supports Industry standard Server form factor constraints and thermal needs. Virtualization support, one physical adapter to be used for several virtual Data Center Applications using Single Root IO Virtualization (SRIOV) Technology. Intel QuickAssist Library support provides an acceleration stack with a common developer interface for both application and accelerator function developers. Intel QuickAssist application programming interface (APIs) support and driver capabilities for industry standard Operating Systems. Complete and versatile acceleration stack for compute-intensive security, networking, storage, and communications markets. Supports Industry Standard security algorithms for VPN, SSL/TLS, IPSec and Firewall Applications.",Intel QuickAssist Adapter 8970 - cryptographic accelerator,$847.99,"<div class=""quick-tech-spec"">
                    <div class=""quick-tech-spec-row"">
                        <div class=""quick-tech-spec-col"">
                            <ul>
                                    <li> PCIe 3.0 x16 low profile</li>
                            </ul>
                        </div>
                        <div class=""quick-tech-spec-col"">
                            <ul>
                            </ul>
                        </div>
                    </div>
                </div>",MFG#: IQA89701G1P5,,https://webobjects2.cdw.com/is/image/CDW/5101079a
https://webobjects2.cdw.com/is/image/CDW/6087519?$400x350$,Networking,CDW#: 6087519,"The ConnectX-6 virtual protocol interconnect is a flexible solution for demanding data center applications. ConnectX-6 is a groundbreaking addition to the Mellanox ConnectX series of superior adapter cards. In addition to all the existing innovative features, ConnectX-6 offers a number of enhancements to further improve performance and scalability.",Mellanox ConnectX-6 VPI MCX653106A-ECAT - Single Pack - network adapter - P,$974.99,"<div class=""quick-tech-spec"">
                    <div class=""quick-tech-spec-row"">
                        <div class=""quick-tech-spec-col"">
                            <ul>
                                    <li>6 VPI MCX653106A-ECAT</li>
                                    <li>network adapter</li>
                                    <li>100Gb Ethernet / 100Gb Infiniband QSFP56 x 2</li>
                            </ul>
                        </div>
                        <div class=""quick-tech-spec-col"">
                            <ul>
                                    <li>Single Pack</li>
                                    <li>PCIe 4.0 x16</li>
                            </ul>
                        </div>
                    </div>
                </div>",MFG#: MCX653106A-ECAT-SP,,https://webobjects2.cdw.com/is/image/CDW/6087519a
https://webobjects2.cdw.com/is/image/CDW/6601569?$400x350$,Networking,CDW#: 6601569,"The Intel QuickAssist Adapter family provides customers with a scalable, flexible, and extendable way to offer Intel QuickAssist technology crypto acceleration and compression capabilities to their existing product lines. Intel QuickAssist technology provides hardware acceleration to assist with the performance demands of securing and routing Internet traffic and other workloads.",Intel QuickAssist Adapter 8970 - cryptographic accelerator - PCIe 3.0 x16,$873.99,"<div class=""quick-tech-spec"">
                    <div class=""quick-tech-spec-row"">
                        <div class=""quick-tech-spec-col"">
                            <ul>
                                    <li> Cryptographic accelerator</li>
                            </ul>
                        </div>
                        <div class=""quick-tech-spec-col"">
                            <ul>
                                    <li>PCIe 3.0 x16 low profile (pack of 5)</li>
                            </ul>
                        </div>
                    </div>
                </div>",MFG#: IQA89701G2P5,,
https://webobjects2.cdw.com/is/image/CDW/6710964?$400x350$,Networking,CDW#: 6710964,"The Nutanix HPE Intel I350-T4 OCP3 Ethernet Adapter is ideal for high-performance computing, server virtualization, security, server consolidation and other applications requiring high throughput. This 1GbE adapter comes with four ports for connectivity.",Nutanix HPE Intel I350-T4 1GbE 4 Port BASE-T OCP3 Ethernet Adapter,Call,"<div class=""quick-tech-spec"">
                    <div class=""quick-tech-spec-row"">
                        <div class=""quick-tech-spec-col"">
                            <ul>
                                    <li>Data Link Protocol: 1GbE</li>
                            </ul>
                        </div>
                        <div class=""quick-tech-spec-col"">
                            <ul>
                                    <li>Number of Ports: 4</li>
                            </ul>
                        </div>
                    </div>
                </div>",MFG#: P43269-B21,,
https://webobjects2.cdw.com/is/image/CDW/6793767?$400x350$,Networking,CDW#: 6793767,Extends a Network Connection up to 500 m over SC Multimode Fiber Optic Cable,Tripp Lite Hardened Copper to Fiber Media Converter RJ45/SC MMF 10/100Mbps,$155.99,"<div class=""quick-tech-spec"">
                    <div class=""quick-tech-spec-row"">
                        <div class=""quick-tech-spec-col"">
                            <ul>
                                    <li>Extends a 10/100/1000 Mbps Gigabit Ethernet network connection over SC duplex multimode fiber optic cable up to 500 m</li>
                                    <li>Automatic MDI/MDI-X configuration connects devices without crossover cabling</li>
                                    <li>LEDs indicate Ethernet connection and various statuses including data transfer speed</li>
                                    <li>2 Year Tripp Lite Warranty</li>
                            </ul>
                        </div>
                        <div class=""quick-tech-spec-col"">
                            <ul>
                                    <li>Extends up to 1000 Mbps (1 Gbps) of data to a network device up to 500 m</li>
                                    <li>Hardened aluminum housing withstands operating temp. range of -10-60C</li>
                                    <li>TAA Compliant Media Converter</li>
                            </ul>
                        </div>
                    </div>
                </div>",MFG#: N785-H01-SCMM,,"https://webobjects2.cdw.com/is/image/CDW/6793767a,https://webobjects2.cdw.com/is/image/CDW/6793767b,https://webobjects2.cdw.com/is/image/CDW/6793767c,https://webobjects2.cdw.com/is/image/CDW/6793767d,https://webobjects2.cdw.com/is/image/CDW/6793767e,https://webobjects2.cdw.com/is/image/CDW/6793767f"
https://webobjects2.cdw.com/is/image/CDW/1401433?$400x350$,Networking,CDW#: 1401433,"This RocketPort EXPRESS card product delivers 32 ports of additional in-server serial connectivity via an external interface that is purchased separately. A data communication speed up to 460 Kbps is connected through software-selectable RS-232/422/485 ports. The card is compatible with systems that have x1, x2, x4, x8, x12 or x16 PCI Express expansion slots. It is designed for standard and low-profile PCs and servers. RocketPort EXPRESS products are European RoHS directive compliant.",Comtrol RocketPort EXPRESS 32-Port Card,$798.99,"<div class=""quick-tech-spec"">
                    <div class=""quick-tech-spec-row"">
                        <div class=""quick-tech-spec-col"">
                            <ul>
                                    <li>Port Card</li>
                            </ul>
                        </div>
                        <div class=""quick-tech-spec-col"">
                            <ul>
                            </ul>
                        </div>
                    </div>
                </div>",MFG#: 30138-7,,
https://webobjects2.cdw.com/is/image/CDW/6021242?$400x350$,Networking,CDW#: 6021242,"The Intel Wi-Fi 6 AX201 Network Adapter supports 2x2 Wi-Fi 6 technology and a range of features including uplink/downlink OFDMA, 1024QAM and data rates up to 2.4 Gb/s. The AX201 is a CRF module that uses the Intel proprietary interface, and can be used with select Intel chipsets and platforms.",Intel Wi-Fi 6 AX201 - network adapter - M.2 2230 (CNVio2),$10.99,"<div class=""quick-tech-spec"">
                    <div class=""quick-tech-spec-row"">
                        <div class=""quick-tech-spec-col"">
                            <ul>
                                    <li>Fi 6 AX201</li>
                                    <li>M.2 2230 (CNVio2)</li>
                                    <li>802.11ax (Wi-Fi 6)</li>
                            </ul>
                        </div>
                        <div class=""quick-tech-spec-col"">
                            <ul>
                                    <li>Network adapter</li>
                                    <li>Bluetooth 5.0</li>
                            </ul>
                        </div>
                    </div>
                </div>",MFG#: AX201.NGWG.NV,,
https://webobjects2.cdw.com/is/image/CDW/6428539?$400x350$,Networking,CDW#: 6428539,"The Intel Wi-Fi 6E AX210 (Gig+) adapter is designed to support upcoming Wi-Fi 6E technology and related Wi-Fi Alliance Wi-Fi 6E certification. The product supports dual-stream Wi-Fi in the 2.4GHz, 5GHz and 6GHz bands, and includes improved TCP throughput - exceeding 2Gbps - and future Wi-Fi 6 R2 features, including UL MU-MIMO that improves UL network capacity in dense environments as well as Bluetooth 5.2 support. These new features maximize the benefits of Wi-Fi 6, including Gigabit speed, ultra-low latencies, and enhanced reliability benefits across new radio frequencies exclusive to Wi-Fi 6E devices, and deliver a significant improvement in user experience in dense deployments. Combined with Intel Core processors and exceptional Intel wireless innovations, the Intel Wi-Fi 6E AX210 module can dramatically improve your connected experience at home, work, or on the go.",Intel Wi-Fi 6E AX210 - network adapter - M.2 2230,$13.99,"<div class=""quick-tech-spec"">
                    <div class=""quick-tech-spec-row"">
                        <div class=""quick-tech-spec-col"">
                            <ul>
                                    <li>Fi 6E AX210</li>
                                    <li>M.2 2230</li>
                                    <li>Bluetooth 5.2</li>
                            </ul>
                        </div>
                        <div class=""quick-tech-spec-col"">
                            <ul>
                                    <li>Network adapter</li>
                                    <li>802.11ax (Wi-Fi 6)</li>
                            </ul>
                        </div>
                    </div>
                </div>",MFG#: AX210.NGWG.NV,,
https://webobjects2.cdw.com/is/image/CDW/4989081?$400x350$,Networking,CDW#: 4989081,"The Intel Wireless-AC 9560 adapter is a CRF (companion RF module) supporting the integrated wireless 802.11ac solutions from Intel. The solution provides Bluetooth 5 and 2x2 802.11ac Wi-Fi including wave 2 features such as 160MHz channels. These new features deliver a significant increase in user speeds in dense deployments, supporting fast downloads and long battery life compared to legacy 802.11ac devices.",Intel Wireless AC 9560 Adapter,$8.99,"<div class=""quick-tech-spec"">
                    <div class=""quick-tech-spec-row"">
                        <div class=""quick-tech-spec-col"">
                            <ul>
                                    <li> 160MHz</li>
                            </ul>
                        </div>
                        <div class=""quick-tech-spec-col"">
                            <ul>
                                    <li>Wi-Fi</li>
                            </ul>
                        </div>
                    </div>
                </div>",MFG#: 9560.NGWG.NVSP,,
https://webobjects2.cdw.com/is/image/CDW/6872585?$400x350$,Networking,CDW#: 6872585,"The Intel Wi-Fi 6E AX210 (Gig+) adapter is designed to support upcoming Wi-Fi 6E technology and related Wi-Fi Alliance Wi-Fi 6E certification. The product supports dual-stream Wi-Fi in the 2.4GHz, 5GHz and 6GHz bands, and includes improved TCP throughput - exceeding 2Gbps - and future Wi-Fi 6 R2 features, including UL MU-MIMO that improves UL network capacity in dense environments as well as Bluetooth 5.2 support. These new features maximize the benefits of Wi-Fi 6, including Gigabit speed, ultra-low latencies, and enhanced reliability benefits across new radio frequencies exclusive to Wi-Fi 6E devices, and deliver a significant improvement in user experience in dense deployments. Combined with Intel Core processors and exceptional Intel wireless innovations, the Intel Wi-Fi 6E AX210 module can dramatically improve your connected experience at home, work, or on the go.",Intel Wi-Fi 6E AX210 - network adapter - M.2 2230,"$1,495.99","<div class=""quick-tech-spec"">
                    <div class=""quick-tech-spec-row"">
                        <div class=""quick-tech-spec-col"">
                            <ul>
                                    <li>Fi 6E AX210</li>
                                    <li>M.2 2230</li>
                                    <li>Bluetooth 5.2 LE</li>
                            </ul>
                        </div>
                        <div class=""quick-tech-spec-col"">
                            <ul>
                                    <li>Network adapter</li>
                                    <li>802.11ax (Wi-Fi 6E)</li>
                            </ul>
                        </div>
                    </div>
                </div>",MFG#: AX210.NGWGIE.NV,,
https://webobjects2.cdw.com/is/image/CDW/6262398?$400x350$,Networking,CDW#: 6262398,"Axiom transceiver modules are 100% compatible in all OEM applications. They are pre-configured with an application specific code to meet the requirement set forth by the router and switch OEMs. Axiom compatible transceivers perform, fit and function identically when compared to ""original"" transceivers. Axiom brand transceivers also function with other brands within the same network.",Axiom Juniper SFP-1GE-LX Compatible - SFP (mini-GBIC) transceiver module -,$49.99,"<div class=""quick-tech-spec"">
                    <div class=""quick-tech-spec-row"">
                        <div class=""quick-tech-spec-col"">
                            <ul>
                                    <li>1GE-LX Compatible</li>
                                    <li>GigE</li>
                                    <li>LC single-mode</li>
                                    <li>1310 nm</li>
                            </ul>
                        </div>
                        <div class=""quick-tech-spec-col"">
                            <ul>
                                    <li>SFP (mini-GBIC) transceiver module</li>
                                    <li>1000Base-LX</li>
                                    <li>up to 6.2 miles</li>
                                    <li>for Juniper Networks MX5; ACX Series Universal Metro Router ACX5448; MX-series MX10016</li>
                            </ul>
                        </div>
                    </div>
                </div>",MFG#: SFP-1GE-LX-AX,,
https://webobjects2.cdw.com/is/image/CDW/4097395?$400x350$,Networking,CDW#: 4097395,"The Nighthawk X4 WiFi Range Extender boosts your existing WiFi range with speeds up to 2200 Mbps and provides up to 10,000 ft² WiFi range. It is ideal for HD streaming and gaming. MU-MIMO simultaneously streams to multiple devices, while FastLane technology improves performance using both WiFi bands.",NETGEAR Nighthawk X4 AC2200 WiFi Range Extender (EX7300),$178.99,"<div class=""quick-tech-spec"">
                    <div class=""quick-tech-spec-row"">
                        <div class=""quick-tech-spec-col"">
                            <ul>
                                    <li>Fi range extender</li>
                                    <li>Wi-Fi</li>
                            </ul>
                        </div>
                        <div class=""quick-tech-spec-col"">
                            <ul>
                                    <li>GigE</li>
                                    <li>Dual Band</li>
                            </ul>
                        </div>
                    </div>
                </div>",MFG#: EX7300-100NAS,,"https://webobjects2.cdw.com/is/image/CDW/4097395a,https://webobjects2.cdw.com/is/image/CDW/4097395b,https://webobjects2.cdw.com/is/image/CDW/4097395c,https://webobjects2.cdw.com/is/image/CDW/4097395d,https://webobjects2.cdw.com/is/image/CDW/4097395e"
https://webobjects2.cdw.com/is/image/CDW/5351176?$400x350$,Networking,CDW#: 5351176,"The Kit contains an Active Fail-Open Optical Bypass Switch and all the connecting components to connect the switch to the monitoring ports of the Sensor. Additional cables may be required to connect the Optical Bypass Switch to your other network devices such as, routers or switches. The 10 Gigabit optical monitoring ports on the Sensor are fail-closed; thus, if the Sensor is deployed in-line, a hardware failure results in network downtime.",McAfee 10 GB Optical Active Fail-Open Bypass Kit (850nm) - network byp,"$31,814.99","<div class=""quick-tech-spec"">
                    <div class=""quick-tech-spec-row"">
                        <div class=""quick-tech-spec-col"">
                            <ul>
                                    <li>Open Bypass Kit (850nm)</li>
                                    <li>10 GigE</li>
                                    <li>Associate</li>
                            </ul>
                        </div>
                        <div class=""quick-tech-spec-col"">
                            <ul>
                                    <li>Network bypass unit</li>
                                    <li>1U</li>
                                    <li>rack-mountable</li>
                            </ul>
                        </div>
                    </div>
                </div>",MFG#: IAC-AF85010-KT1A-cs,,
https://webobjects2.cdw.com/is/image/CDW/5361519?$400x350$,Networking,CDW#: 5361519,Proline - 10GBase-CU direct attach cable - TAA Compliant - SFP+ to SFP+ - 5 m - twinaxial - passive.,Proline 10GBase-CU direct attach cable - TAA Compliant - 16.4 ft,$73.99,"<div class=""quick-tech-spec"">
                    <div class=""quick-tech-spec-row"">
                        <div class=""quick-tech-spec-col"">
                            <ul>
                                    <li>CU direct attach cable</li>
                                    <li>SFP+ to SFP+</li>
                                    <li>twinaxial</li>
                            </ul>
                        </div>
                        <div class=""quick-tech-spec-col"">
                            <ul>
                                    <li>TAA Compliant</li>
                                    <li>16.4 ft</li>
                                    <li>passive</li>
                            </ul>
                        </div>
                    </div>
                </div>",MFG#: ONS-SC+-10G-CU5-PRO,,
https://webobjects2.cdw.com/is/image/CDW/5418059?$400x350$,Networking,CDW#: 5418059,"This Cisco GLC-SX-MM compatible SFP transceiver provides 1000Base-MX throughput up to 2km over multi-mode fiber (MMF) at a wavelength of 1310nm using a LC connector. It is also capable of withstanding rugged environments and can operate at temperatures between -40°C to +85°C. It is guaranteed to be 100% compatible with the equivalent Cisco transceiver. This easy to install, hot swappable transceiver has been programmed, uniquely serialized and data-traffic and application tested to ensure that it will initialize and perform identically. Digital optical monitoring (DOM) support is also present to allow access to real-time operating parameters.",Proline Cisco GLC-SX-MM Compatible SFP TAA Compliant Transceiver - SFP (min,$71.99,"<div class=""quick-tech-spec"">
                    <div class=""quick-tech-spec-row"">
                        <div class=""quick-tech-spec-col"">
                            <ul>
                                    <li>SX-MM Compatible SFP TAA Compliant Transceiver</li>
                                    <li>GigE</li>
                                    <li>LC multi-mode</li>
                                    <li>1310 nm</li>
                                    <li>for Cisco 38XX; ASA 55XX; Catalyst ESS9300; Integrated Services Router 11XX</li>
                            </ul>
                        </div>
                        <div class=""quick-tech-spec-col"">
                            <ul>
                                    <li>SFP (mini-GBIC) transceiver module (equivalent to: Cisco GLC-SX-MM)</li>
                                    <li>1000Base-MX</li>
                                    <li>up to 1.2 miles</li>
                                    <li>TAA Compliant</li>
                            </ul>
                        </div>
                    </div>
                </div>",MFG#: GLC-SX-MM-2K-RGD-PRO,,
https://webobjects2.cdw.com/is/image/CDW/5441491?$400x350$,Networking,CDW#: 5441491,Proline - 10GBase-CU direct attach cable - TAA Compliant - SFP+ to SFP+ - 1 m - twinaxial - passive.,Proline 10GBase-CU direct attach cable - TAA Compliant - 3.3 ft,$39.99,"<div class=""quick-tech-spec"">
                    <div class=""quick-tech-spec-row"">
                        <div class=""quick-tech-spec-col"">
                            <ul>
                                    <li>CU direct attach cable</li>
                                    <li>SFP+ to SFP+</li>
                                    <li>twinaxial</li>
                            </ul>
                        </div>
                        <div class=""quick-tech-spec-col"">
                            <ul>
                                    <li>TAA Compliant</li>
                                    <li>3.3 ft</li>
                                    <li>passive</li>
                            </ul>
                        </div>
                    </div>
                </div>",MFG#: AH-ACC-SFP-10G-DAC-1M-PRO,,https://webobjects2.cdw.com/is/image/CDW/5441491a
https://webobjects2.cdw.com/is/image/CDW/5441497?$400x350$,Networking,CDW#: 5441497,Proline - 10GBase direct attach cable - TAA Compliant - SFP+ to SFP+ - 7 m - twinaxial - passive.,Proline 10GBase direct attach cable - TAA Compliant - 23 ft,$89.99,"<div class=""quick-tech-spec"">
                    <div class=""quick-tech-spec-row"">
                        <div class=""quick-tech-spec-col"">
                            <ul>
                                    <li> TAA Compliant</li>
                                    <li>23 ft</li>
                                    <li>passive</li>
                            </ul>
                        </div>
                        <div class=""quick-tech-spec-col"">
                            <ul>
                                    <li>SFP+ to SFP+</li>
                                    <li>twinaxial</li>
                            </ul>
                        </div>
                    </div>
                </div>",MFG#: AH-ACC-SFP-10G-DAC-7M-PRO,,
https://webobjects2.cdw.com/is/image/CDW/5485554?$400x350$,Networking,CDW#: 5485554,Establish efficient network connectivity with the Ubiquiti UFiber OLT GPON SFP Module. It can transfer signals up to a distance of 20 km at a TX wavelength of 1490 nm over single-mode fiber.,Ubiquiti UF-GP-B+ UFiber OLT GPON SFP Module,$85.99,"<div class=""quick-tech-spec"">
                    <div class=""quick-tech-spec-row"">
                        <div class=""quick-tech-spec-col"">
                            <ul>
                                    <li> Supported Media: Single-Mode Fiber</li>
                                    <li>TX Wavelength: 1490 nm</li>
                            </ul>
                        </div>
                        <div class=""quick-tech-spec-col"">
                            <ul>
                                    <li>Connector Type: SC/UPC</li>
                                    <li>Cable Distance: 20 Km</li>
                            </ul>
                        </div>
                    </div>
                </div>",MFG#: UF-GP-B+,,https://webobjects2.cdw.com/is/image/CDW/5485554a
https://webobjects2.cdw.com/is/image/CDW/5241893?$400x350$,Networking,CDW#: 5241893,"Axiom transceiver modules are 100% compatible in all OEM applications. They are pre-configured with an application specific code to meet the requirement set forth by the router and switch OEMs. Axiom compatible transceivers perform, fit and function identically when compared to ""original"" transceivers. Axiom brand transceivers also function with other brands within the same network.",Axiom Cisco GLC-LX-SM-RGD= Compatible - SFP (mini-GBIC) transceiver module,$59.99,"<div class=""quick-tech-spec"">
                    <div class=""quick-tech-spec-row"">
                        <div class=""quick-tech-spec-col"">
                            <ul>
                                    <li>LX-SM-RGD= Compatible</li>
                                    <li>GigE</li>
                            </ul>
                        </div>
                        <div class=""quick-tech-spec-col"">
                            <ul>
                                    <li>SFP (mini-GBIC) transceiver module (equivalent to: Cisco GLC-LX-SM-RGD)</li>
                                    <li>1000Base-LX</li>
                            </ul>
                        </div>
                    </div>
                </div>",MFG#: GLC-LX-SM-RGD-AX,,
https://webobjects2.cdw.com/is/image/CDW/5241897?$400x350$,Networking,CDW#: 5241897,"The Axiom 1000BASE-SX SFP operates on link spans up to 550m with multi-mode fiber, 220m with FDDI-grade fiber and 1km over laser-optimized MMF. This Axiom SFP (mini-GBIC) Transceiver Module is rated for industrial temperatures, designed and tested to be 100% compatible in all Cisco switch, networking, and data center product lines and applications. Each transceiver is pre-configured and factory loaded with Cisco specific application code required for Cisco IOS, SMARTnet compliance, and supports the Cisco quality ID feature. Axiom transceivers are tested to perform functionally identical to the ""original"" transceiver. Complying fully with the Multi-Source Agreement (MSA) enables this transceiver to work in all MSA complaint platforms as well as function with other manufacturer's brands within the same network.",Axiom Cisco GLC-SX-MM-RGD= Compatible - SFP (mini-GBIC) transceiver module,$49.99,"<div class=""quick-tech-spec"">
                    <div class=""quick-tech-spec-row"">
                        <div class=""quick-tech-spec-col"">
                            <ul>
                                    <li>SX-MM-RGD= Compatible</li>
                                    <li>GigE</li>
                                    <li>TAA Compliant</li>
                            </ul>
                        </div>
                        <div class=""quick-tech-spec-col"">
                            <ul>
                                    <li>SFP (mini-GBIC) transceiver module (equivalent to: Cisco GLC-SX-MM-RGD=)</li>
                                    <li>1000Base-SX</li>
                                    <li>for Cisco 38XX; ASA 55XX; Catalyst ESS9300; Integrated Services Router 11XX</li>
                            </ul>
                        </div>
                    </div>
                </div>",MFG#: GLC-SX-MM-RGD-AX,,
https://webobjects2.cdw.com/is/image/CDW/5287362?$400x350$,Networking,CDW#: 5287362,"Axiom SFP transceiver module is certified 100% compliant in the OEM applications. It is pre-configured with an application specific code to meet the requirement set forth by the router and switch OEMs. Axiom compatible transceivers perform, fit and function identically when compared to ""original"" transceivers. The transceiver fully complies with the multi-sourcing agreement (MSA) which enables it to work in the MSA compliant platform.",Axiom Fortinet FG-TRAN-SX Compatible - SFP (mini-GBIC) transceiver module -,$33.99,"<div class=""quick-tech-spec"">
                    <div class=""quick-tech-spec-row"">
                        <div class=""quick-tech-spec-col"">
                            <ul>
                                    <li>TRAN-SX Compatible</li>
                                    <li>GigE</li>
                                    <li>LC multi-mode</li>
                                    <li>850 nm</li>
                                    <li>5001; FortiController 5208; FortiGate 5140; FortiSwitch 5003</li>
                            </ul>
                        </div>
                        <div class=""quick-tech-spec-col"">
                            <ul>
                                    <li>SFP (mini-GBIC) transceiver module (equivalent to: Fortinet FG-TRAN-SX)</li>
                                    <li>1000Base-SX</li>
                                    <li>up to 1800 ft</li>
                                    <li>for Fortinet FortiCarrier 3810</li>
                            </ul>
                        </div>
                    </div>
                </div>",MFG#: FG-TRAN-SX-AX,,
https://webobjects2.cdw.com/is/image/CDW/5330342?$400x350$,Networking,CDW#: 5330342,"The Axiom Transceiver Module is designed to offer superior networking performance. This plug-in transceiver module, with a data transfer rate of 1 Gb/s, has been application-tested to initialize and perform identically. It can transfer signals up to a distance of 1800 ft. and supports the 1000BASE-SX standard over its multi-mode fiber.",Axiom Meraki MA-SFP-1GB-SX Compatible - SFP (mini-GBIC) transceiver module,$49.99,"<div class=""quick-tech-spec"">
                    <div class=""quick-tech-spec-row"">
                        <div class=""quick-tech-spec-col"">
                            <ul>
                                    <li>GBIC) transceiver module (equivalent to: Meraki MA-SFP-1GB-SX)</li>
                                    <li>1000Base-SX</li>
                                    <li>up to 1800 ft</li>
                                    <li>for Cisco Meraki MX100</li>
                                    <li>MX600</li>
                            </ul>
                        </div>
                        <div class=""quick-tech-spec-col"">
                            <ul>
                                    <li>GigE</li>
                                    <li>LC multi-mode</li>
                                    <li>850 nm</li>
                                    <li>MX400</li>
                                    <li>MX80; Cloud Managed Ethernet Aggregation Switch MS420</li>
                            </ul>
                        </div>
                    </div>
                </div>",MFG#: MA-SFP-1GB-SX-AX,,
https://webobjects2.cdw.com/is/image/CDW/6793773?$400x350$,Networking,CDW#: 6793773,Customize a Network Extension over Fiber Optic Cable,Tripp Lite Hardened Copper Fiber Media Converter RJ45/SFP 10/100/1000Mbps,$119.99,"<div class=""quick-tech-spec"">
                    <div class=""quick-tech-spec-row"">
                        <div class=""quick-tech-spec-col"">
                            <ul>
                                    <li>Extends a 10/100/1000 Mbps Gigabit Ethernet network connection over fiber optic cable using your choice of SFP transceiver</li>
                                    <li>Automatic MDI/MDI-X configuration connects devices w/o crossover cabling</li>
                                    <li>LEDs indicate Ethernet connection and various statuses incl. data transfer speed</li>
                                    <li>2 Year Tripp Lite Warranty</li>
                            </ul>
                        </div>
                        <div class=""quick-tech-spec-col"">
                            <ul>
                                    <li>Customizable converter extends up to 1000 Mbps (1 Gbps) of data via open SFP port</li>
                                    <li>Hardened aluminum housing withstands operating temps of -10-60C</li>
                                    <li>TAA Compliant Media Converter</li>
                            </ul>
                        </div>
                    </div>
                </div>",MFG#: N785-H01-SFP,,"https://webobjects2.cdw.com/is/image/CDW/6793773a,https://webobjects2.cdw.com/is/image/CDW/6793773b,https://webobjects2.cdw.com/is/image/CDW/6793773c,https://webobjects2.cdw.com/is/image/CDW/6793773d,https://webobjects2.cdw.com/is/image/CDW/6793773e,https://webobjects2.cdw.com/is/image/CDW/6793773f"
https://webobjects2.cdw.com/is/image/CDW/5615770?$400x350$,Networking,CDW#: 5615770,Axiom SFP transceiver module is pre-configured with an application specific code to meet the requirement set forth by the router and switch OEMs. The transceiver fully complies with the multi-sourcing agreement (MSA) which enables it to work in an MSA compliant platform.,Axiom Palo Alto PAN-SFP-CG Compatible - SFP (mini-GBIC) transceiver module,$49.99,"<div class=""quick-tech-spec"">
                    <div class=""quick-tech-spec-row"">
                        <div class=""quick-tech-spec-col"">
                            <ul>
                                    <li>SFP-CG Compatible</li>
                                    <li>GigE</li>
                                    <li>RJ-45</li>
                                    <li>for Palo PA-2020</li>
                                    <li>5020; Palo Alto PA-5050</li>
                                    <li>5050</li>
                            </ul>
                        </div>
                        <div class=""quick-tech-spec-col"">
                            <ul>
                                    <li>SFP (mini-GBIC) transceiver module (equivalent to: Palo Alto Networks PAN-SFP-CG)</li>
                                    <li>1000Base-T</li>
                                    <li>up to 328 ft</li>
                                    <li>2050</li>
                                    <li>5060; Palo Alto Networks PA-5020</li>
                                    <li>5060</li>
                            </ul>
                        </div>
                    </div>
                </div>",MFG#: PAN-SFP-CG-AX,,
https://webobjects2.cdw.com/is/image/CDW/1467128?$400x350$,Networking,CDW#: 1467128,"This RocketPort EXPRESS card product delivers 16 ports of additional in-server serial connectivity via an external interface that is purchased separately. A data communication speed up to 460 Kbps is connected through software-selectable RS-232/422/485 ports. The card is compatible with systems that have x1, x2, x4, x8, x12 or x16 PCI Express expansion slots. It is designed for standard and low-profile PCs and servers. RocketPort EXPRESS products are European RoHS directive compliant. ",Comtrol RocketPort EXPRESS - 16-Port Card,$465.99,"<div class=""quick-tech-spec"">
                    <div class=""quick-tech-spec-row"">
                        <div class=""quick-tech-spec-col"">
                            <ul>
                                    <li> PCIe</li>
                            </ul>
                        </div>
                        <div class=""quick-tech-spec-col"">
                            <ul>
                                    <li>RS-232/422/485</li>
                            </ul>
                        </div>
                    </div>
                </div>",MFG#: 30137-0,,
https://webobjects2.cdw.com/is/image/CDW/3526107?$400x350$,Networking,CDW#: 3526107,"Wireless USB receiver and router. When plugged into compatible appliances, it enables a wireless network to be created. When used with the included power supply, it extends the range of the wireless network.",APC Wireless Coordinator & Router - network adapter - USB,$114.99,"<div class=""quick-tech-spec"">
                    <div class=""quick-tech-spec-row"">
                        <div class=""quick-tech-spec-col"">
                            <ul>
                                    <li> Network adapter</li>
                                    <li>charcoal</li>
                                    <li>NBRK0250</li>
                                    <li>NBWL0455A</li>
                            </ul>
                        </div>
                        <div class=""quick-tech-spec-col"">
                            <ul>
                                    <li>USB</li>
                                    <li>for P/N: NBPD0122</li>
                                    <li>NBRK0570</li>
                            </ul>
                        </div>
                    </div>
                </div>",MFG#: NBWC100U,,https://webobjects2.cdw.com/is/image/CDW/3526107a
https://webobjects2.cdw.com/is/image/CDW/2208542?$400x350$,Networking,CDW#: 2208542,"Compatible with X1 PCI Express slots for X2, X4, X8, X16, and X32.",Black Box Async - serial adapter - PCIe,$668.99,"<div class=""quick-tech-spec"">
                    <div class=""quick-tech-spec-row"">
                        <div class=""quick-tech-spec-col"">
                            <ul>
                                    <li> Serial adapter</li>
                                    <li>RS-232</li>
                            </ul>
                        </div>
                        <div class=""quick-tech-spec-col"">
                            <ul>
                                    <li>PCIe</li>
                            </ul>
                        </div>
                    </div>
                </div>",MFG#: IC984C,,
https://webobjects2.cdw.com/is/image/CDW/5809503?$400x350$,Networking,CDW#: 5809503,100% HP Compatible. Guaranteed.,StarTech.com Dell EMC SFP-1G-SX Compatible SFP - 1GbE MMF - 550m DDM,$35.99,"<div class=""quick-tech-spec"">
                    <div class=""quick-tech-spec-row"">
                        <div class=""quick-tech-spec-col"">
                            <ul>
                                    <li>Dell EMC SFP-1G-SX Compatible SFP 1000BASE-SX (1Gbps) Gigabit Ethernet</li>
                                    <li>Up to 550m (1804')</li>
                                    <li>Designed programmed and tested to work with compatible Dell EMC switches and routers</li>
                                    <li>Backed by a StarTech.com lifetime warranty on the module itself not the life of the OEM switch / router and will not void your OEM warranty</li>
                            </ul>
                        </div>
                        <div class=""quick-tech-spec-col"">
                            <ul>
                                    <li>850nm Multi Mode (MMF)</li>
                                    <li>LC Connector DDM</li>
                                    <li>Hot-Swappable and MSA Compliant</li>
                            </ul>
                        </div>
                    </div>
                </div>",MFG#: SFP1GSXEMCST,,"https://webobjects2.cdw.com/is/image/CDW/5809503a,https://webobjects2.cdw.com/is/image/CDW/5809503b,https://webobjects2.cdw.com/is/image/CDW/5809503c,https://webobjects2.cdw.com/is/image/CDW/5809503d"
https://webobjects2.cdw.com/is/image/CDW/797221?$400x350$,Networking,CDW#: 797221,"Transition Networks’ ”Just Convert-IT” serial RS-232 to Fiber Media Converter is an inexpensive, no frills way to extend the distance between serial connections with the use of fiber optic cable. This converter supports full or half-duplex data transmission at speeds up to 120Kbps. Unit and Port LEDs allow for quick status information on the converter.",Transition Networks DB-9 ”Just Convert-IT” serial to Fiber Media Converter,$189.99,"<div class=""quick-tech-spec"">
                    <div class=""quick-tech-spec-row"">
                        <div class=""quick-tech-spec-col"">
                            <ul>
                                    <li>9 (female) 15 m/49 ft. to 1300nm multimode (SC) 2 km/1.2 miles serial RS-232 to Fiber Media Converter</li>
                            </ul>
                        </div>
                        <div class=""quick-tech-spec-col"">
                            <ul>
                            </ul>
                        </div>
                    </div>
                </div>",MFG#: J/RS232-CF-01(SC),,
https://webobjects2.cdw.com/is/image/CDW/6881255?$400x350$,Networking,CDW#: 6881255,Get superior networking performance with the Axiom QSFP+ Transceiver Module.,Axiom 40GBASE-LX4 QSFP+ Transceiver,$523.99,"<div class=""quick-tech-spec"">
                    <div class=""quick-tech-spec-row"">
                        <div class=""quick-tech-spec-col"">
                            <ul>
                                    <li>Mode:Multi-mode Fiber (MMF) / Single-mode Fiber (SMF)</li>
                                    <li>Form-factor: QSFP+</li>
                            </ul>
                        </div>
                        <div class=""quick-tech-spec-col"">
                            <ul>
                                    <li>Data-rate: 40GBASE-LX4</li>
                                    <li>Connector: LC</li>
                            </ul>
                        </div>
                    </div>
                </div>",MFG#: QSFP-40G-LX4-AX,,
https://webobjects2.cdw.com/is/image/CDW/5188985?$400x350$,Networking,CDW#: 5188985,"ConnectX-6 is a groundbreaking adapter card. In addition to all the existing innovative features, ConnectX-6 offers a number of enhancements to further improve performance and scalability.",Mellanox ConnectX-6 VPI MCX654105A-HCAT - network adapter - 2 x PCI Express,"$1,079.99","<div class=""quick-tech-spec"">
                    <div class=""quick-tech-spec-row"">
                        <div class=""quick-tech-spec-col"">
                            <ul>
                                    <li>6 VPI MCX654105A-HCAT</li>
                                    <li>2 x PCI Express 3.0 x16</li>
                            </ul>
                        </div>
                        <div class=""quick-tech-spec-col"">
                            <ul>
                                    <li>Network adapter</li>
                                    <li>200Gb Ethernet / 200Gb Infiniband QSFP28 x 1</li>
                            </ul>
                        </div>
                    </div>
                </div>",MFG#: MCX654105A-HCAT,,
https://webobjects2.cdw.com/is/image/CDW/5993991?$400x350$,Networking,CDW#: 5993991,"Mellanox MCX653106A-HDAT-SP is a 200Gb/s HDR InfiniBand and Ethernet network adapter card, offering industry-leading performance, smart offloads and In-Network Computing, leading to the highest return on investment for high-performance computing, cloud, Web 2.0, storage and machine learning applications.",Mellanox ConnectX-6 VPI MCX653106A-HDAT-SP - network adapter - PCIe 4.0 x16,"$1,659.99","<div class=""quick-tech-spec"">
                    <div class=""quick-tech-spec-row"">
                        <div class=""quick-tech-spec-col"">
                            <ul>
                                    <li>6 VPI MCX653106A-HDAT-SP</li>
                                    <li>PCIe 4.0 x16</li>
                            </ul>
                        </div>
                        <div class=""quick-tech-spec-col"">
                            <ul>
                                    <li>Network adapter</li>
                                    <li>100Gb Ethernet / 100Gb Infiniband QSFP56 x 2</li>
                            </ul>
                        </div>
                    </div>
                </div>",MFG#: MCX653106A-HDAT-SP,,
https://webobjects2.cdw.com/is/image/CDW/5828667?$400x350$,Networking,CDW#: 5828667,"The Lenovo ThinkSystem Broadcom 57414 Network Adapter is a high-performance 25 Gb Ethernet adapter that offers TruFlow intelligent flow processing and supports advanced networking technologies including RoCE, SDN, NFV and virtualization. It is compatible with a range of ThinkSystem servers.",Lenovo ThinkSystem Broadcom 57414 - network adapter,$431.99,"<div class=""quick-tech-spec"">
                    <div class=""quick-tech-spec-row"">
                        <div class=""quick-tech-spec-col"">
                            <ul>
                                    <li> PCIe 3.0 x8</li>
                                    <li>for ThinkSystem SD530; SR530; SR550; SR570; SR590; SR63X; SR65X; SR850; SR860; SR950; ST550</li>
                            </ul>
                        </div>
                        <div class=""quick-tech-spec-col"">
                            <ul>
                                    <li>10Gb Ethernet / 25Gb Ethernet SFP28 x 2</li>
                            </ul>
                        </div>
                    </div>
                </div>",MFG#: 4XC7A08238,,
https://webobjects2.cdw.com/is/image/CDW/5766760?$400x350$,Networking,CDW#: 5766760,The Lenovo ThinkSystem Broadcom 5719 Network Adapter enables efficient connection of the host to network and storage devices. It features four 10/100/1000 ports for seamless connectivity. This adapter is compatible with the Lenovo ThinkSystem SR635 7Y99 and SR655 7Z01 servers.,Lenovo ThinkSystem Broadcom 5719 - network adapter,$176.99,"<div class=""quick-tech-spec"">
                    <div class=""quick-tech-spec-row"">
                        <div class=""quick-tech-spec-col"">
                            <ul>
                                    <li> OCP</li>
                                    <li>for ThinkSystem SR635 7Y99; SR655 7Z01</li>
                            </ul>
                        </div>
                        <div class=""quick-tech-spec-col"">
                            <ul>
                                    <li>Gigabit Ethernet x 4</li>
                            </ul>
                        </div>
                    </div>
                </div>",MFG#: 4XC7A08235,,
https://webobjects2.cdw.com/is/image/CDW/5348777?$400x350$,Networking,CDW#: 5348777,Increase connectivity options at your workplace with the Sophos FleXi Port Expansion Module. It is designed for the Sophos XG 430 and XG 450 rackmount appliances.,Sophos FleXi Port - expansion module,Call,"<div class=""quick-tech-spec"">
                    <div class=""quick-tech-spec-row"">
                        <div class=""quick-tech-spec-col"">
                            <ul>
                                    <li> Gigabit SFP x 4 + 1000Base-T x 4</li>
                            </ul>
                        </div>
                        <div class=""quick-tech-spec-col"">
                            <ul>
                                    <li>for XG 750</li>
                            </ul>
                        </div>
                    </div>
                </div>",MFG#: XGCZTCHF4,,
https://webobjects2.cdw.com/is/image/CDW/5826553?$400x350$,Networking,CDW#: 5826553,100% Brocade Compatible. Guaranteed.,StarTech.com Brocade 10G-SFPP-SR Compatible SFP+ - 10GbE MMF - 200m DDM,$39.99,"<div class=""quick-tech-spec"">
                    <div class=""quick-tech-spec-row"">
                        <div class=""quick-tech-spec-col"">
                            <ul>
                                    <li>Brocade 10G-SFPP-SR Compatible SFP+ 10GBASE-SR (10Gbps) Gigabit Ethernet</li>
                                    <li>Up to 200m (656')</li>
                                    <li>Designed programmed and tested to work with compatible Brocade switches and routers</li>
                                    <li>Backed by a StarTech.com lifetime warranty on the module itself not the life of the OEM switch / router and will not void your OEM warranty</li>
                            </ul>
                        </div>
                        <div class=""quick-tech-spec-col"">
                            <ul>
                                    <li>850nm Multi Mode (MMF)</li>
                                    <li>LC Connector DDM</li>
                                    <li>Hot-Swappable and MSA Compliant</li>
                            </ul>
                        </div>
                    </div>
                </div>",MFG#: 10G-SFPP-SR-ST,,"https://webobjects2.cdw.com/is/image/CDW/5826553a,https://webobjects2.cdw.com/is/image/CDW/5826553b"
https://webobjects2.cdw.com/is/image/CDW/5863863?$400x350$,Networking,CDW#: 5863863,"100% Juniper Compatible. Guaranteed. 
The mini GBIC ethernet transceiver module is a Juniper SFP-1GE-FE-E-T compatible copper transceiver module that has been designed, programmed and tested to work with Juniper brand compatible switches and routers. It delivers dependable 1 GbE connectivity over copper cable, for 10/100/1000Base-T compliant networks, with a maximum distance of up to 100 m (328 ft).
This 1G small form factor pluggable features: 
• Maximum Data Transfer Rate: 1000 Mbps (1 Gbps) 
• Type: Copper 
• Connection Type: RJ45 
• Maximum Transfer Distance: 100 m (328 ft) 
• MTBF: 4,655,371 hours 
• Power Consumption: Low Power Consumption 
• Digital Diagnostics Monitoring (DDM): No 
This 1 gigabit third-party SFP optical module is hot-swappable making upgrades and replacements seamless by minimizing network disruptions. 
Guaranteed Reliability 
The SFP1GEFEETST is backed by a StarTech.com lifetime warranty and free lifetime multilingual technical support.",StarTech.com Juniper SFP-1GE-FE-E-T Compatible SFP Transceiver - 1GbE 100m,$43.99,"<div class=""quick-tech-spec"">
                    <div class=""quick-tech-spec-row"">
                        <div class=""quick-tech-spec-col"">
                            <ul>
                                    <li>Juniper SFP-1GE-FE-E-T Compatible SFP 1000BASE-T (1Gbps) Gigabit Ethernet</li>
                                    <li>Up to 100m (328')</li>
                                    <li>Designed programmed and tested to work with compatible Juniper switches and routers</li>
                                    <li>Backed by a StarTech.com lifetime warranty on the module itself not the life of the OEM switch / router and will not void your OEM warranty</li>
                            </ul>
                        </div>
                        <div class=""quick-tech-spec-col"">
                            <ul>
                                    <li>Copper</li>
                                    <li>RJ-45 Connector</li>
                                    <li>Hot-Swappable and MSA Compliant</li>
                            </ul>
                        </div>
                    </div>
                </div>",MFG#: SFP1GEFEETST,,"https://webobjects2.cdw.com/is/image/CDW/5863863a,https://webobjects2.cdw.com/is/image/CDW/5863863b,https://webobjects2.cdw.com/is/image/CDW/5863863c,https://webobjects2.cdw.com/is/image/CDW/5863863d,https://webobjects2.cdw.com/is/image/CDW/5863863e,https://webobjects2.cdw.com/is/image/CDW/5863863f,https://webobjects2.cdw.com/is/image/CDW/5863863g"
https://webobjects2.cdw.com/is/image/CDW/5826490?$400x350$,Networking,CDW#: 5826490,100% Palo Alto Networks Compatible. Guaranteed.,StarTech.com Palo Alto Networks CG Compatible SFP - 1GbE Transceiver 100m,$42.99,"<div class=""quick-tech-spec"">
                    <div class=""quick-tech-spec-row"">
                        <div class=""quick-tech-spec-col"">
                            <ul>
                                    <li>Palo Alto Networks CG Compatible SFP 1000BASE-T (1Gbps) Gigabit Ethernet</li>
                                    <li>Up to 100m (328')</li>
                                    <li>Designed programmed and tested to work with compatible Palo Alto Networks switches and routers</li>
                                    <li>Backed by a StarTech.com lifetime warranty on the module itself not the life of the OEM switch / router and will not void your OEM warranty</li>
                            </ul>
                        </div>
                        <div class=""quick-tech-spec-col"">
                            <ul>
                                    <li>Copper</li>
                                    <li>RJ-45 Connector</li>
                                    <li>Hot-Swappable and MSA Compliant</li>
                            </ul>
                        </div>
                    </div>
                </div>",MFG#: CG-ST,,"https://webobjects2.cdw.com/is/image/CDW/5826490a,https://webobjects2.cdw.com/is/image/CDW/5826490b,https://webobjects2.cdw.com/is/image/CDW/5826490c"
https://webobjects2.cdw.com/is/image/CDW/5845538?$400x350$,Networking,CDW#: 5845538,"This SFP transceiver allows you to connect an 8.3/125 singlemode fiber optic cable to a 10/100/1000 Mbps network router, server or switch. It transmits data up to 10 kilometers (6.2 miles) and supports bi-directional Gigabit Ethernet communication up to 1.25 Gbps. The metal housing protects against electromagnetic interference (EMI) and excessive power dissipation.",Tripp Lite Cisco GLC-LH-SMD Compatible SFP Transceiver 10/100/1000 LX/LH LC,$41.99,"<div class=""quick-tech-spec"">
                    <div class=""quick-tech-spec-row"">
                        <div class=""quick-tech-spec-col"">
                            <ul>
                                    <li>Links a singlemode Gigabit Ethernet network cable to a Cisco router/server or switch’s SFP port</li>
                                    <li>Provides 1 Gbps throughput up to 10 km (6.2 mi) via singlemode fiber cabling</li>
                                    <li>Supports DDM for monitoring temperature and other real-time operating parameters</li>
                                    <li>3 Year Tripp Lite Warranty</li>
                            </ul>
                        </div>
                        <div class=""quick-tech-spec-col"">
                            <ul>
                                    <li>SFP transceiver module 100% compatible with Cisco’s equivalent module</li>
                                    <li>LC duplex female connector supports 1000Base-LX/LH signal at 1310 nm wavelength</li>
                                    <li>Hot swappable 10/100/1000Base/ 1.25 Gbps/ Mini-GBIC</li>
                            </ul>
                        </div>
                    </div>
                </div>",MFG#: N286-01GLCLHSMD,,"https://webobjects2.cdw.com/is/image/CDW/5845538a,https://webobjects2.cdw.com/is/image/CDW/5845538b,https://webobjects2.cdw.com/is/image/CDW/5845538c,https://webobjects2.cdw.com/is/image/CDW/5845538d,https://webobjects2.cdw.com/is/image/CDW/5845538e,https://webobjects2.cdw.com/is/image/CDW/5845538f,https://webobjects2.cdw.com/is/image/CDW/5845538g,https://webobjects2.cdw.com/is/image/CDW/5845538h,https://webobjects2.cdw.com/is/image/CDW/5845538i"
https://webobjects2.cdw.com/is/image/CDW/5912015?$400x350$,Networking,CDW#: 5912015,"Axiom transceiver modules are 100% compatible in all OEM applications. They are pre-configured with an application specific code to meet the requirement set forth by the router and switch OEMs. Axiom compatible transceivers perform, fit and function identically when compared to ""original"" transceivers. Axiom brand transceivers also function with other brands within the same network.",Axiom Sophos ITFZTCHXF Compatible - SFP+ transceiver module - 10 GigE,$218.99,"<div class=""quick-tech-spec"">
                    <div class=""quick-tech-spec-row"">
                        <div class=""quick-tech-spec-col"">
                            <ul>
                                    <li> SFP+ transceiver module (equivalent to: Sophos ITFZTCHXF)</li>
                                    <li>10GBase-SR</li>
                                    <li>up to 984 ft</li>
                            </ul>
                        </div>
                        <div class=""quick-tech-spec-col"">
                            <ul>
                                    <li>10 GigE</li>
                                    <li>LC multi-mode</li>
                                    <li>850 nm</li>
                            </ul>
                        </div>
                    </div>
                </div>",MFG#: ITFZTCHXF-AX,,
https://webobjects2.cdw.com/is/image/CDW/6043912?$400x350$,Networking,CDW#: 6043912,"Axiom offers efficient & cost effective cabling solutions for your networking project. Axiom uses only the finest components and the latest construction technologies to optimize cable performance and ensure compliance to industry specifications for each cable and its designated application. Whether you're upgrading components or installing a brand new network, you'll receive the highest quality connectivity products.",Axiom direct attach cable - 10 ft,$59.99,"<div class=""quick-tech-spec"">
                    <div class=""quick-tech-spec-row"">
                        <div class=""quick-tech-spec-col"">
                            <ul>
                                    <li> SFP+ (M) to SFP+ (M)</li>
                                    <li>twinaxial</li>
                                    <li>P2000 G3; HPE Aruba 2930F 24</li>
                                    <li>5406</li>
                            </ul>
                        </div>
                        <div class=""quick-tech-spec-col"">
                            <ul>
                                    <li>10 ft</li>
                                    <li>for HPE Modular Smart Array 1040</li>
                                    <li>2930F 48</li>
                            </ul>
                        </div>
                    </div>
                </div>",MFG#: J9283B-AX,,https://webobjects2.cdw.com/is/image/CDW/6043912a
https://webobjects2.cdw.com/is/image/CDW/6043923?$400x350$,Networking,CDW#: 6043923,"Axiom Twinax Direct Attach Cables (DAC) are compliant in all OEM applications. They are pre-configured with an application specific code to meet the requirement set forth by the router and switch OEMs. Axiom compatible Twinax cables perform, fit and function identically when compared to ""original"" cables.",Axiom 10GBase-CU direct attach cable - 1.6 ft,$29.99,"<div class=""quick-tech-spec"">
                    <div class=""quick-tech-spec-row"">
                        <div class=""quick-tech-spec-col"">
                            <ul>
                                    <li>CU direct attach cable</li>
                                    <li>1.6 ft</li>
                                    <li>passive</li>
                            </ul>
                        </div>
                        <div class=""quick-tech-spec-col"">
                            <ul>
                                    <li>SFP+ to SFP+</li>
                                    <li>twinaxial</li>
                            </ul>
                        </div>
                    </div>
                </div>",MFG#: SFP-H10GB-CU0-5M-AX,,
https://webobjects2.cdw.com/is/image/CDW/6504077?$400x350$,Networking,CDW#: 6504077,"These DIN rail-mountable, plug-and-play devices offer multiple power options and are perfect for harsh environments where you need to convert copper to fiber. ","Black Box FST ETH IND MED CONV COP to 100Mbps SM FBR, HRD, 1310nm, 40km, ST",$339.99,"<div class=""quick-tech-spec"">
                    <div class=""quick-tech-spec-row"">
                        <div class=""quick-tech-spec-col"">
                            <ul>
                                    <li>Compliant to EN62368</li>
                                    <li>Operate in temperatures from -13 to +158º F</li>
                            </ul>
                        </div>
                        <div class=""quick-tech-spec-col"">
                            <ul>
                                    <li>Single-Mode Long versions for duplex fiber support distances up to 30 kilometers (18.6 mi.)</li>
                                    <li>Include clips for mounting on DIN rails</li>
                            </ul>
                        </div>
                    </div>
                </div>",MFG#: LIC025A-R3,,
https://webobjects2.cdw.com/is/image/CDW/6507754?$400x350$,Networking,CDW#: 6507754,"Axiom SFP transceiver module is certified 100% compliant in the OEM applications. It is pre-configured with an application specific code to meet the requirement set forth by the router and switch OEMs. Axiom compatible transceivers perform, fit and function identically when compared to ""original"" transceivers. The transceiver fully complies with the multi-sourcing agreement (MSA) which enables it to work in the MSA compliant platform.",Axiom Fortinet FG-TRAN-LX Compatible - SFP (mini-GBIC) transceiver module -,$49.99,"<div class=""quick-tech-spec"">
                    <div class=""quick-tech-spec-row"">
                        <div class=""quick-tech-spec-col"">
                            <ul>
                                    <li>TRAN-LX Compatible</li>
                                    <li>GigE</li>
                                    <li>LC single-mode</li>
                                    <li>1310 nm</li>
                                    <li>1200</li>
                                    <li>3000</li>
                                    <li>3100</li>
                                    <li>3200</li>
                                    <li>3700</li>
                                    <li>3950</li>
                            </ul>
                        </div>
                        <div class=""quick-tech-spec-col"">
                            <ul>
                                    <li>SFP (mini-GBIC) transceiver module (equivalent to: Fortinet FG-TRAN-LX)</li>
                                    <li>1000Base-LX</li>
                                    <li>up to 6.2 miles</li>
                                    <li>for Fortinet FortiGate 1000</li>
                                    <li>1500</li>
                                    <li>3040</li>
                                    <li>3140</li>
                                    <li>3240</li>
                                    <li>3810</li>
                            </ul>
                        </div>
                    </div>
                </div>",MFG#: FG-TRAN-LX-AX,,
https://webobjects2.cdw.com/is/image/CDW/6522188?$400x350$,Networking,CDW#: 6522188,"Axiom SFP Transceiver Modules are 100% compatible in all OEM applications. They are pre-configured with an application specific code to meet the requirement set forth by the router and switch OEMs. Axiom compatible transceivers perform, fit and function identically when compared to ""Original"" Transceivers. Axiom brand transceivers also function with other brands within the same network.",Axiom Fortinet FN-TRAN-SX Compatible - SFP (mini-GBIC) transceiver module -,$33.99,"<div class=""quick-tech-spec"">
                    <div class=""quick-tech-spec-row"">
                        <div class=""quick-tech-spec-col"">
                            <ul>
                                    <li>TRAN-SX Compatible</li>
                                    <li>GigE</li>
                                    <li>LC multi-mode</li>
                                    <li>850 nm</li>
                            </ul>
                        </div>
                        <div class=""quick-tech-spec-col"">
                            <ul>
                                    <li>SFP (mini-GBIC) transceiver module (equivalent to: Fortine FN-TRAN-SX)</li>
                                    <li>1000Base-SX</li>
                                    <li>up to 1800 ft</li>
                            </ul>
                        </div>
                    </div>
                </div>",MFG#: FN-TRAN-SX-AX,,
https://webobjects2.cdw.com/is/image/CDW/6587203?$400x350$,Networking,CDW#: 6587203,Convert 10/100/1000BASE-T to 1000BASE-X SFP with Ease,Black Box Gb ETH PoE++ MED CONV 10/100/1000-Mbps COP to 1000-Mbps FBR SFP,$983.99,"<div class=""quick-tech-spec"">
                    <div class=""quick-tech-spec-row"">
                        <div class=""quick-tech-spec-col"">
                            <ul>
                                    <li>10/100/1000BASE-T copper to 1000BASE-X or 100BASE-X fiber media converter</li>
                                    <li>Backwards compatible with 802.3af and 802.3at</li>
                                    <li>Supports frame sizes up to 10,240 bytes</li>
                            </ul>
                        </div>
                        <div class=""quick-tech-spec-col"">
                            <ul>
                                    <li>IEEE 802.3bt compliant,60-W PoE++</li>
                                    <li>Supports 100BASE-X or 1000BASE-X SFP transceivers</li>
                                    <li>Configurable PoE power reset</li>
                            </ul>
                        </div>
                    </div>
                </div>",MFG#: LGC5600A,,"https://webobjects2.cdw.com/is/image/CDW/6587203a,https://webobjects2.cdw.com/is/image/CDW/6587203b"
https://webobjects2.cdw.com/is/image/CDW/6587204?$400x350$,Networking,CDW#: 6587204,Convert 10/100/1000BASE-T to 1000BASE-X SFP with Ease,Black Box Gb IND PoE++ MED CONV 10/100/1000Mbps COP to 1000Mbps FIB SFP EXT,"$1,011.99","<div class=""quick-tech-spec"">
                    <div class=""quick-tech-spec-row"">
                        <div class=""quick-tech-spec-col"">
                            <ul>
                                    <li>10/100/1000BASE-T copper to 1000BASE-X or 100BASE-X fiber media converter</li>
                                    <li>Backwards compatible with 802.3af and 802.3at</li>
                                    <li>Supports frame sizes up to 10,240 bytes</li>
                                    <li>Industrial (-40 to 75ºC) operating temperature</li>
                            </ul>
                        </div>
                        <div class=""quick-tech-spec-col"">
                            <ul>
                                    <li>IEEE 802.3bt compliant,60-W PoE++</li>
                                    <li>Supports 100BASE-X or 1000BASE-X SFP transceivers</li>
                                    <li>Configurable PoE power reset</li>
                            </ul>
                        </div>
                    </div>
                </div>",MFG#: LGC5700A,,"https://webobjects2.cdw.com/is/image/CDW/6587204a,https://webobjects2.cdw.com/is/image/CDW/6587204b,https://webobjects2.cdw.com/is/image/CDW/6587204c,https://webobjects2.cdw.com/is/image/CDW/6587204d"
https://webobjects2.cdw.com/is/image/CDW/6595286?$400x350$,Networking,CDW#: 6595286,"Axiom transceiver modules are 100% compatible in all OEM applications. They are pre-configured with an application specific code to meet the requirement set forth by the router and switch OEMs. Axiom compatible transceivers perform, fit and function identically when compared to ""original"" transceivers. Axiom brand transceivers also function with other brands within the same network.",Axiom Sophos ITFZTCHLR Compatible - SFP+ transceiver module - 10 GigE,$318.00,"<div class=""quick-tech-spec"">
                    <div class=""quick-tech-spec-row"">
                        <div class=""quick-tech-spec-col"">
                            <ul>
                                    <li> SFP+ transceiver module (equivalent to: Sophos ITFZTCHLR)</li>
                                    <li>10GBase-LR</li>
                                    <li>up to 6.2 miles</li>
                            </ul>
                        </div>
                        <div class=""quick-tech-spec-col"">
                            <ul>
                                    <li>10 GigE</li>
                                    <li>LC single-mode</li>
                                    <li>1310 nm</li>
                            </ul>
                        </div>
                    </div>
                </div>",MFG#: ITFZTCHLR-AX,,
https://webobjects2.cdw.com/is/image/CDW/6642648?$400x350$,Networking,CDW#: 6642648,"Axiom SFP transceiver modules are 100% compatible in all OEM applications. They are pre-configured with an application specific code to meet the requirement set forth by the router and switch OEMs. Axiom compatible transceivers perform, fit and function identically when compared to ""original"" transceivers.",Axiom Cisco GLC-SX-MMD= Compatible - SFP (mini-GBIC) transceiver module - G,$389.99,"<div class=""quick-tech-spec"">
                    <div class=""quick-tech-spec-row"">
                        <div class=""quick-tech-spec-col"">
                            <ul>
                                    <li>SX-MMD= Compatible</li>
                                    <li>GigE</li>
                                    <li>LC multi-mode</li>
                                    <li>850 nm</li>
                            </ul>
                        </div>
                        <div class=""quick-tech-spec-col"">
                            <ul>
                                    <li>SFP (mini-GBIC) transceiver module (equivalent to: Cisco GLC-SX-MMD=)</li>
                                    <li>1000Base-SX</li>
                                    <li>up to 1800 ft</li>
                                    <li>TAA Compliant (pack of 10)</li>
                            </ul>
                        </div>
                    </div>
                </div>",MFG#: AXG93093-10PK,,
https://webobjects2.cdw.com/is/image/CDW/6670202?$400x350$,Networking,CDW#: 6670202,"Proline - 50GBase-CU direct attach cable - TAA Compliant - SFP56 to SFP56 - 65 cm - twinaxial - passive - for HPE Aruba 6300, 6405, 6405 48, 6405 96, 6410; CX 8360.",Proline 50GBase-CU direct attach cable - TAA Compliant - 2 ft,$325.99,"<div class=""quick-tech-spec"">
                    <div class=""quick-tech-spec-row"">
                        <div class=""quick-tech-spec-col"">
                            <ul>
                                    <li>CU direct attach cable</li>
                                    <li>SFP56 to SFP56</li>
                                    <li>twinaxial</li>
                                    <li>for HPE Aruba 6300</li>
                                    <li>6405 48</li>
                                    <li>6410; CX 8360</li>
                            </ul>
                        </div>
                        <div class=""quick-tech-spec-col"">
                            <ul>
                                    <li>TAA Compliant</li>
                                    <li>2 ft</li>
                                    <li>passive</li>
                                    <li>6405</li>
                                    <li>6405 96</li>
                            </ul>
                        </div>
                    </div>
                </div>",MFG#: R0M46A-PRO,,"https://webobjects2.cdw.com/is/image/CDW/6670202a,https://webobjects2.cdw.com/is/image/CDW/6670202b,https://webobjects2.cdw.com/is/image/CDW/6670202c,https://webobjects2.cdw.com/is/image/CDW/6670202d,https://webobjects2.cdw.com/is/image/CDW/6670202e,https://webobjects2.cdw.com/is/image/CDW/6670202f"
https://webobjects2.cdw.com/is/image/CDW/2534733?$400x350$,Networking,CDW#: 2534733,Add Four RS232 Serial Ports to an Embedded System through a mini PCI Express Slot.,StarTech.com 4 Port RS232 Mini PCI Express Serial Card w/ 16650 UART (MPEX4,$94.99,"<div class=""quick-tech-spec"">
                    <div class=""quick-tech-spec-row"">
                        <div class=""quick-tech-spec-col"">
                            <ul>
                                    <li> Serial adapter</li>
                                    <li>RS-232 x 4</li>
                            </ul>
                        </div>
                        <div class=""quick-tech-spec-col"">
                            <ul>
                                    <li>Mini PCI Express</li>
                            </ul>
                        </div>
                    </div>
                </div>",MFG#: MPEX4S552,,"https://webobjects2.cdw.com/is/image/CDW/2534733a,https://webobjects2.cdw.com/is/image/CDW/2534733b"
https://webobjects2.cdw.com/is/image/CDW/5305602?$400x350$,Networking,CDW#: 5305602,OBD-II Adapter Kit enables mobile customers to read vehicle On Board Diagnostics (OBD-II) via COR IBR1700 router or COR IBR900 router.,Cradlepoint data cable,$249.00,"<div class=""quick-tech-spec"">
                    <div class=""quick-tech-spec-row"">
                        <div class=""quick-tech-spec-col"">
                            <ul>
                                    <li> OBD-II connector male to DB-9</li>
                                    <li>for COR IBR1700-1200M</li>
                                    <li>IBR1700-600M</li>
                            </ul>
                        </div>
                        <div class=""quick-tech-spec-col"">
                            <ul>
                                    <li>OBD-II connector</li>
                                    <li>IBR1700-1200M-B</li>
                            </ul>
                        </div>
                    </div>
                </div>",MFG#: 170758-000,,
https://webobjects2.cdw.com/is/image/CDW/6409923?$400x350$,Networking,CDW#: 6409923,Adds one 9-pin RS-232 serial port to PCIe enabled desktop computers.,SIIG DP Cyber RS-232 1S PCIe Card - serial adapter - PCIe 2.0 - RS-232 x 1,$31.99,"<div class=""quick-tech-spec"">
                    <div class=""quick-tech-spec-row"">
                        <div class=""quick-tech-spec-col"">
                            <ul>
                                    <li>232 1S PCIe Card</li>
                                    <li>PCIe 2.0 low profile</li>
                                    <li>green</li>
                            </ul>
                        </div>
                        <div class=""quick-tech-spec-col"">
                            <ul>
                                    <li>Serial adapter</li>
                                    <li>RS-232 x 1</li>
                            </ul>
                        </div>
                    </div>
                </div>",MFG#: JJ-E20611-S1,,
https://webobjects2.cdw.com/is/image/CDW/2381213?$400x350$,Networking,CDW#: 2381213,"The PEX4S553B 4-Port PCI Express Serial Card (with breakout cable) lets you add 4 RS232 serial ports using a single PCIe expansion slot. The PCIe Serial Card includes a 1-to-4 break out cable, which enables you to add 4 serial ports to a single low profile slot.",StarTech.com PCI Express RS232 Serial Adapter Card -4 Port PCIe Serial Card,$102.99,"<div class=""quick-tech-spec"">
                    <div class=""quick-tech-spec-row"">
                        <div class=""quick-tech-spec-col"">
                            <ul>
                                    <li>Add 4 RS232 serial ports to any PC using a single PCI Express expansion slot</li>
                                    <li>PCI Serial Card Adapter</li>
                                    <li>PCI-e Serial Card</li>
                                    <li>PCIe Serial Card Adapter with Breakout Cable</li>
                                    <li>single lane PCI Express</li>
                            </ul>
                        </div>
                        <div class=""quick-tech-spec-col"">
                            <ul>
                                    <li>RS232 Card</li>
                                    <li>PCI Express Serial Card</li>
                                    <li>PCI Express RS232</li>
                                    <li>Native single-Chip</li>
                            </ul>
                        </div>
                    </div>
                </div>",MFG#: PEX4S553B,,"https://webobjects2.cdw.com/is/image/CDW/2381213a,https://webobjects2.cdw.com/is/image/CDW/2381213b,https://webobjects2.cdw.com/is/image/CDW/2381213c,https://webobjects2.cdw.com/is/image/CDW/2381213d,https://webobjects2.cdw.com/is/image/CDW/2381213e,https://webobjects2.cdw.com/is/image/CDW/2381213f,https://webobjects2.cdw.com/is/image/CDW/2381213g,https://webobjects2.cdw.com/is/image/CDW/2381213h,https://webobjects2.cdw.com/is/image/CDW/2381213i"
https://webobjects2.cdw.com/is/image/CDW/947562?$400x350$,Networking,CDW#: 947562,"Black Box is a leading worldwide provider of infrastructure services, communications equipment, and technical support. The company's success is firmly rooted in the original vision: to create a ""central, reliable source for hard-to-find products and technical skill"". Black Box is unique, distinguished by its superior technical and customer services. With plans to continue expanding its services, Black Box is poised for excellence well into the future.",Black Box Universal RS-232RS-422/485 Converter serial adapter,$119.99,"<div class=""quick-tech-spec"">
                    <div class=""quick-tech-spec-row"">
                        <div class=""quick-tech-spec-col"">
                            <ul>
                                    <li>232RS-422/485 Converter</li>
                            </ul>
                        </div>
                        <div class=""quick-tech-spec-col"">
                            <ul>
                            </ul>
                        </div>
                    </div>
                </div>",MFG#: IC820A,,
https://webobjects2.cdw.com/is/image/CDW/6056550?$400x350$,Networking,CDW#: 6056550,Nighthawk X6 Tri-band WiFi Mesh Extender boosts your WiFi to the extreme with speeds up to 2.2Gbps. This Nighthawk Mesh Extender creates powerful whole home WiFi using your existing WiFi. EX7700 is one of the most advanced tri-band WiFi mesh extenders that include a dedicated 866Mbps 5GHz band for extending Internet speeds to your devices. Dedicated WiFi Link avoids cutting the extended WiFi bandwidth in half. Smart Roaming intelligently connects your mobile devices to the optimal WiFi for superior streaming as you move around your house. Use the same WiFi name and password to provide seamless connectivity as you roam throughout the house.,NETGEAR Nighthawk X6 EX7700 - Wi-Fi range extender,$178.99,"<div class=""quick-tech-spec"">
                    <div class=""quick-tech-spec-row"">
                        <div class=""quick-tech-spec-col"">
                            <ul>
                                    <li> Wi-Fi range extender</li>
                                    <li>GigE</li>
                                    <li>2.4 GHz (1 band) / 5 GHz (2 bands)</li>
                            </ul>
                        </div>
                        <div class=""quick-tech-spec-col"">
                            <ul>
                                    <li>2 ports</li>
                                    <li>Wi-Fi 5</li>
                            </ul>
                        </div>
                    </div>
                </div>",MFG#: EX7700-100NAS,,"https://webobjects2.cdw.com/is/image/CDW/6056550a,https://webobjects2.cdw.com/is/image/CDW/6056550b,https://webobjects2.cdw.com/is/image/CDW/6056550c,https://webobjects2.cdw.com/is/image/CDW/6056550d"
https://webobjects2.cdw.com/is/image/CDW/960293?$400x350$,Networking,CDW#: 960293,,TRENDnet TEG MGBSX - SFP (mini-GBIC) transceiver module - GigE,$24.99,"<div class=""quick-tech-spec"">
                    <div class=""quick-tech-spec-row"">
                        <div class=""quick-tech-spec-col"">
                            <ul>
                                    <li> SFP (mini-GBIC) transceiver module</li>
                                    <li>1000Base-SX</li>
                                    <li>up to 1800 ft</li>
                            </ul>
                        </div>
                        <div class=""quick-tech-spec-col"">
                            <ul>
                                    <li>GigE</li>
                                    <li>LC multi-mode</li>
                                    <li>850 nm</li>
                            </ul>
                        </div>
                    </div>
                </div>",MFG#: TEG-MGBSX,,
https://webobjects2.cdw.com/is/image/CDW/4079294?$400x350$,Networking,CDW#: 4079294,"TP-LINK's Archer T6E supports the next generation Wi-Fi standard - IEEE 802.11ac, offering transfer rates that are 3 times faster than wireless N speeds. Easily upgrade your desktop system by simply slotting the Wi-Fi adapter into an available PCI-E slot.",TP-Link Archer T6E - network adapter - PCIe,$39.99,"<div class=""quick-tech-spec"">
                    <div class=""quick-tech-spec-row"">
                        <div class=""quick-tech-spec-col"">
                            <ul>
                                    <li> Network adapter</li>
                                    <li>802.11ac</li>
                            </ul>
                        </div>
                        <div class=""quick-tech-spec-col"">
                            <ul>
                                    <li>PCIe</li>
                            </ul>
                        </div>
                    </div>
                </div>",MFG#: ARCHER T6E,,"https://webobjects2.cdw.com/is/image/CDW/4079294a,https://webobjects2.cdw.com/is/image/CDW/4079294b,https://webobjects2.cdw.com/is/image/CDW/4079294c"
https://webobjects2.cdw.com/is/image/CDW/3472479?$400x350$,Networking,CDW#: 3472479,"Add dual-band Wireless-AC connectivity to a desktop or laptop computer through USB 2.0. The USB433WACDB USB 2.0 Mini AC600 Wireless Network Adapter lets you add Wireless-AC connectivity to a desktop or laptop computer, through a conveniently small USB adapter.","StarTech.com USB Wifi Adapter,AC600 Dual Band USB 2.0 Wireless-AC Network",$33.99,"<div class=""quick-tech-spec"">
                    <div class=""quick-tech-spec-row"">
                        <div class=""quick-tech-spec-col"">
                            <ul>
                                    <li>Add dual-band Wireless-AC connectivity to a desktop or laptop computer through USB 2.0</li>
                                    <li>1T1R 802.11ac WiFi Adapter</li>
                                    <li>AC Network Card</li>
                                    <li>1 Transmitter/1 Receiver (1x1:1) antenna configuration</li>
                            </ul>
                        </div>
                        <div class=""quick-tech-spec-col"">
                            <ul>
                                    <li>USB 2.0 AC600 Mini Dual Band Wireless-AC Network Adapter</li>
                                    <li>2.4GHz/5GHz USB Wireless</li>
                                    <li>Wireless AC600 compatible (433 + 150 Mbps)</li>
                                    <li>USB 2 WiFi Adapter</li>
                            </ul>
                        </div>
                    </div>
                </div>",MFG#: USB433WACDB,,"https://webobjects2.cdw.com/is/image/CDW/3472479a,https://webobjects2.cdw.com/is/image/CDW/3472479b,https://webobjects2.cdw.com/is/image/CDW/3472479c,https://webobjects2.cdw.com/is/image/CDW/3472479d,https://webobjects2.cdw.com/is/image/CDW/3472479e"
https://webobjects2.cdw.com/is/image/CDW/5443686?$400x350$,Networking,CDW#: 5443686,"TP-LINK's Archer T4U comes with the Wi-Fi standard - 802.11ac, 3 times faster than Wireless N speeds. With 867 Mbps wireless speeds over the crystal clear 5 GHz band or 300 Mbps over the 2.4 GHz band, the Archer T4U is the superior choice for seamless HD streaming, online gaming and other bandwidth-intensive tasks.",TP-Link Archer T4U - v2 - network adapter - USB 3.0,$43.99,"<div class=""quick-tech-spec"">
                    <div class=""quick-tech-spec-row"">
                        <div class=""quick-tech-spec-col"">
                            <ul>
                                    <li> V2</li>
                                    <li>USB 3.0</li>
                            </ul>
                        </div>
                        <div class=""quick-tech-spec-col"">
                            <ul>
                                    <li>network adapter</li>
                                    <li>802.11ac</li>
                            </ul>
                        </div>
                    </div>
                </div>",MFG#: ARCHERT4U_V2,,"https://webobjects2.cdw.com/is/image/CDW/5443686a,https://webobjects2.cdw.com/is/image/CDW/5443686b,https://webobjects2.cdw.com/is/image/CDW/5443686c,https://webobjects2.cdw.com/is/image/CDW/5443686d,https://webobjects2.cdw.com/is/image/CDW/5443686e,https://webobjects2.cdw.com/is/image/CDW/5443686f,https://webobjects2.cdw.com/is/image/CDW/5443686g"
https://webobjects2.cdw.com/is/image/CDW/4476597?$400x350$,Networking,CDW#: 4476597,"This USB Wi-Fi adapter adds dual-band wireless connectivity to your laptop, tablet or desktop computer, and features a compact nano-sized form factor. It makes it easy to replace or upgrade your computer's existing wireless capability with access to both 2.4GHz and 5GHz Wi-Fi networks.","StarTech.com USB WiFi Adapter,AC600 Dual-Band USB Wireless Network Adapter",$24.99,"<div class=""quick-tech-spec"">
                    <div class=""quick-tech-spec-row"">
                        <div class=""quick-tech-spec-col"">
                            <ul>
                                    <li>Add reliable wireless connectivity to your laptop or desktop computer compatible with both 2.4GHz and 5GHz networks</li>
                                    <li>Dual-Band Nano USB Wireless Network Adapter is IEEE 802.11a/b/g/n/ac compliant and supports WEP/WPA/WPA2 wireless security</li>
                                    <li>AC600</li>
                            </ul>
                        </div>
                        <div class=""quick-tech-spec-col"">
                            <ul>
                                    <li>USB WiFi Adapter with data rates of up to 433Mbps on 5GHz and 150Mbps on 2.4GHz</li>
                                    <li>USB WiFi Adapter</li>
                                    <li>Dual-Band Nano USB Wireless Network Adapter/USB 2.0 Nano Wireless-AC Network Card/USB 2.0 Nano Wireless-AC Network Card</li>
                            </ul>
                        </div>
                    </div>
                </div>",MFG#: USB433ACD1X1,,"https://webobjects2.cdw.com/is/image/CDW/4476597a,https://webobjects2.cdw.com/is/image/CDW/4476597b,https://webobjects2.cdw.com/is/image/CDW/4476597c,https://webobjects2.cdw.com/is/image/CDW/4476597d,https://webobjects2.cdw.com/is/image/CDW/4476597e,https://webobjects2.cdw.com/is/image/CDW/4476597f,https://webobjects2.cdw.com/is/image/CDW/4476597g,https://webobjects2.cdw.com/is/image/CDW/4476597h"
https://webobjects2.cdw.com/is/image/CDW/6162826?$400x350$,Networking,CDW#: 6162826,"Archer T5E is an 802.11ac dual-band Wi-Fi PCI Express adapter with speeds up to 1167 Mbps (867 Mbps on the 5 GHz band and 300 Mbps on the 2.4 GHz band), providing Wi-Fi signals on two separate bands for all your online needs. Choose the 2.4 GHz band for surfing, emailing, and social media, or switch to 5 GHz band for gaming, streaming, and large file downloads.",TP-Link Archer T5E - network adapter - PCIe,$39.99,"<div class=""quick-tech-spec"">
                    <div class=""quick-tech-spec-row"">
                        <div class=""quick-tech-spec-col"">
                            <ul>
                                    <li> Network adapter</li>
                                    <li>Bluetooth 4.0</li>
                                    <li>Bluetooth 4.2</li>
                            </ul>
                        </div>
                        <div class=""quick-tech-spec-col"">
                            <ul>
                                    <li>PCIe</li>
                                    <li>802.11ac</li>
                            </ul>
                        </div>
                    </div>
                </div>",MFG#: ARCHER T5E,,https://webobjects2.cdw.com/is/image/CDW/6162826a
https://webobjects2.cdw.com/is/image/CDW/123086?$400x350$,Networking,CDW#: 123086,,NAI SIA LAN CARD,"$2,009.99",,MFG#: NIC-SIAX-NA-100,,
https://webobjects2.cdw.com/is/image/CDW/2465567?$400x350$,Networking,CDW#: 2465567,,NETAPP NIC 4PT COPPER GBE II PCIE,Call,,MFG#: X1049B-R6,,
https://webobjects2.cdw.com/is/image/CDW/1264245?$400x350$,Networking,CDW#: 1264245,,CITRIX EZ-APP SWITCH-SFP PACK (4GF),$871.99,,MFG#: EW3Z0000086,,
https://webobjects2.cdw.com/is/image/CDW/2427461?$400x350$,Networking,CDW#: 2427461,,NETAPP NIC 4PT COPPER GBE II PCIE,Call,,MFG#: X1049B-R6-C,,
https://webobjects2.cdw.com/is/image/CDW/2929812?$400x350$,Networking,CDW#: 2929812,,ENDRUN FIBER OPTIC RECEIVER,"$4,226.99",,MFG#: 3430-0003-000,,
https://webobjects2.cdw.com/is/image/CDW/2929819?$400x350$,Networking,CDW#: 2929819,,ENDRUN FIBER OPTIC TRANSMITTER,"$4,342.99",,MFG#: 3430-0005-000,,
https://webobjects2.cdw.com/is/image/CDW/2887122?$400x350$,Networking,CDW#: 2887122,,NETAPP SFP CISCO 8GBPS 10KM,Call,,MFG#: X-DS-SFP-FC8G-LW-R6,,
https://webobjects2.cdw.com/is/image/CDW/2934630?$400x350$,Networking,CDW#: 2934630,,NETAPP NIC 4PT COPPER GBE PCIE,Call,,MFG#: X1049B-EN-R6-C,,
https://webobjects2.cdw.com/is/image/CDW/3001966?$400x350$,Networking,CDW#: 3001966,,NETAPP NIC 4PT OPTICAL GBE PCIE,Call,,MFG#: X1048A-EN-R6-C,,
https://webobjects2.cdw.com/is/image/CDW/3388591?$400x350$,Networking,CDW#: 3388591,,ORACLE ACME NIC 4PT 1000MB ENET,Call,,MFG#: 7107270,,
https://webobjects2.cdw.com/is/image/CDW/3786789?$400x350$,Networking,CDW#: 3786789,,ORACLE SUN NIC W/4 1GBPS COPPER PORT,"$3,266.99",,MFG#: 7107311,,
https://webobjects2.cdw.com/is/image/CDW/3505833?$400x350$,Networking,CDW#: 3505833,,ORACLE ACME NIU 4PT 1GBS ENET PORT,Call,,MFG#: 7107296,,
https://webobjects2.cdw.com/is/image/CDW/3505941?$400x350$,Networking,CDW#: 3505941,,ORACLE ACME TDM NIC T1/E1 PT,Call,,MFG#: 7110039,,
https://webobjects2.cdw.com/is/image/CDW/3514478?$400x350$,Networking,CDW#: 3514478,,ORACLE ACME NIU 4PT 1GBPS ENET FIBER,Call,,MFG#: 7107394,,
https://webobjects2.cdw.com/is/image/CDW/3575820?$400x350$,Networking,CDW#: 3575820,,ORACLE NIU W/4X1GB ENET FIB COPPER,Call,,MFG#: NNNG4QR,,
https://webobjects2.cdw.com/is/image/CDW/3951242?$400x350$,Networking,CDW#: 3951242,,ORACLE SUN DUAL 10GBE FABRIC EXP MOD,"$1,134.99",,MFG#: 4MODULE-N-R,,
https://webobjects2.cdw.com/is/image/CDW/6523786?$400x350$,Networking,CDW#: 6523786,The HPE B-Series SFP+ transceiver delivers fiber connectivity to extend the range of your network.,HPE B-Series 16Gb SFP+SW Transceiver,$293.99,"<div class=""quick-tech-spec"">
                    <div class=""quick-tech-spec-row"">
                        <div class=""quick-tech-spec-col"">
                            <ul>
                                    <li>Interface: SFP+</li>
                            </ul>
                        </div>
                        <div class=""quick-tech-spec-col"">
                            <ul>
                            </ul>
                        </div>
                    </div>
                </div>",MFG#: QK724A2,,
https://webobjects2.cdw.com/is/image/CDW/6640300?$400x350$,Networking,CDW#: 6640300,The Legrand SFP LX SMF Transceiver Module is designed to offer superior networking performance. It provides 10 km of coverage for ease of use.,Legrand 1GB SFP LX SMF 10km Transceiver,$27.99,"<div class=""quick-tech-spec"">
                    <div class=""quick-tech-spec-row"">
                        <div class=""quick-tech-spec-col"">
                            <ul>
                                    <li>Interface: SFP</li>
                            </ul>
                        </div>
                        <div class=""quick-tech-spec-col"">
                            <ul>
                                    <li>Coverage: 10km</li>
                            </ul>
                        </div>
                    </div>
                </div>",MFG#: GLC-LH-SMD-L,,
https://webobjects2.cdw.com/is/image/CDW/6531810?$400x350$,Networking,CDW#: 6531810,Achieve fast and reliable wired connectivity using the Citrix Ethernet Adapter. It features a length of 100 meters for convenient usage.,Citrix 100m ADC SFP Gigabit Ethernet Adapter,$733.99,"<div class=""quick-tech-spec"">
                    <div class=""quick-tech-spec-row"">
                        <div class=""quick-tech-spec-col"">
                            <ul>
                                    <li>Interface: SFP</li>
                            </ul>
                        </div>
                        <div class=""quick-tech-spec-col"">
                            <ul>
                            </ul>
                        </div>
                    </div>
                </div>",MFG#: 3001087-E4,,
https://webobjects2.cdw.com/is/image/CDW/5675371?$400x350$,Networking,CDW#: 5675371,,CITRIX ELA 2 ADC FRU ADAPTER MODULE,$509.99,,MFG#: 3021627-E2,,
https://webobjects2.cdw.com/is/image/CDW/5560398?$400x350$,Networking,CDW#: 5560398,,HPE REMAN ENET 1GB 4PT 366FLR ADAPT,$88.99,,MFG#: 665240-B21,,
https://webobjects2.cdw.com/is/image/CDW/5471998?$400x350$,Networking,CDW#: 5471998,,KAJEET SMARTSPOT REPLACEMENT CHARGER,Call,,MFG#: SSCHRGR,,
https://webobjects2.cdw.com/is/image/CDW/6662508?$400x350$,Networking,CDW#: 6662508,"The IBM LP short PCIe Gen2 adapter provides four 1 GB Ethernet ports that can be configured to run at 1000, 100, or 10 Mb/s. It is designed for use with the IBM Elastic Storage System Model 5105-22E.",IBM LP 4 Port 1GbE Adapter,Call,"<div class=""quick-tech-spec"">
                    <div class=""quick-tech-spec-row"">
                        <div class=""quick-tech-spec-col"">
                            <ul>
                                    <li>Number of Ports: 4</li>
                            </ul>
                        </div>
                        <div class=""quick-tech-spec-col"">
                            <ul>
                            </ul>
                        </div>
                    </div>
                </div>",MFG#: 5105-22E-AJZQ,,
https://webobjects2.cdw.com/is/image/CDW/6820385?$400x350$,Networking,CDW#: 6820385,The Unitrends Fiber Channel Adapter ensures efficient network connectivity between a compatible server and storage area network. It offers a storage capacity of 1 x 8 GB for various data and media requirements.,Unitrends 1x8GB Fiber Channel Adapter,"$2,057.99","<div class=""quick-tech-spec"">
                    <div class=""quick-tech-spec-row"">
                        <div class=""quick-tech-spec-col"">
                            <ul>
                                    <li>Storage Capacity: 1x8GB</li>
                            </ul>
                        </div>
                        <div class=""quick-tech-spec-col"">
                            <ul>
                            </ul>
                        </div>
                    </div>
                </div>",MFG#: G9-ADA-1X8FC-F,,
https://webobjects2.cdw.com/is/image/CDW/6990753?$400x350$,Networking,CDW#: 6990753,"The Intel Ethernet Network Adapter I225-T1 is ideally suited for PC's and workstations used for enterprise, gaming, and home networks that require more bandwidth than ever before. A cost-effective networking solution, this ultra-compact adapter allows customers to upgrade to 2.5GbE speeds with an easy-to-integrate PCIe 3.1 x1 adapter. Packed with performance optimization capabilities, this adapter includes advanced interrupt-handling features to reduce CPU overhead. Combining interrupt-handling features with intelligent filtering, ordering, and directing packets to specific queues and cores, enables load-balancing network traffic flows to improve throughput in multi-core platforms.",Intel Ethernet Network Adapter I225-T1 - network adapter - PCIe - 2.5GBase-,$77.99,"<div class=""quick-tech-spec"">
                    <div class=""quick-tech-spec-row"">
                        <div class=""quick-tech-spec-col"">
                            <ul>
                                    <li>T1</li>
                                    <li>PCIe</li>
                            </ul>
                        </div>
                        <div class=""quick-tech-spec-col"">
                            <ul>
                                    <li>Network adapter</li>
                                    <li>2.5GBase-T x 1</li>
                            </ul>
                        </div>
                    </div>
                </div>",MFG#: I225T1BLK,,
https://webobjects2.cdw.com/is/image/CDW/6904824?$400x350$,Networking,CDW#: 6904824,"The carrier-grade Juniper MX2008 Universal Routing Platform helps service providers and cloud operators address long-term traffic, subscriber, and services growth. The powerful SDN-enabled platform provides high density, capacity and throughput in only 24 rack units.",Juniper Networks MX-series Enhanced Switch Fabric Board - Base Bundle - swi,"$1,769.99","<div class=""quick-tech-spec"">
                    <div class=""quick-tech-spec-row"">
                        <div class=""quick-tech-spec-col"">
                            <ul>
                                    <li>series Enhanced Switch Fabric Board</li>
                                    <li>switch</li>
                            </ul>
                        </div>
                        <div class=""quick-tech-spec-col"">
                            <ul>
                                    <li>Base Bundle</li>
                                    <li>plug-in module</li>
                            </ul>
                        </div>
                    </div>
                </div>",MFG#: MX2008-SFB2-BB,,
https://webobjects2.cdw.com/is/image/CDW/1398490?$400x350$,Networking,CDW#: 1398490,McAfee Gigabit Fiber external single port Bypass kit includes items necessary to support Gigabit Fiber Fail Open for McAfee Messaging and Web Security appliances. This kit includes 1U Bypass unit and Fiber (ST) cables.,McAfee Gigabit Fiber External Single Port Bypass Kit - network bypass unit,"$2,047.99","<div class=""quick-tech-spec"">
                    <div class=""quick-tech-spec-row"">
                        <div class=""quick-tech-spec-col"">
                            <ul>
                                    <li> Network bypass unit</li>
                                    <li>1U</li>
                            </ul>
                        </div>
                        <div class=""quick-tech-spec-col"">
                            <ul>
                                    <li>GigE</li>
                            </ul>
                        </div>
                    </div>
                </div>",MFG#: MAP-1000-FFOA,,
https://webobjects2.cdw.com/is/image/CDW/1426827?$400x350$,Networking,CDW#: 1426827,"Juniper Networks transforms the business of networking. A leading global provider of networking and security solutions, Juniper Networks maintains an intense focus on customers who derive strategic value from their networks. Its customers include major network operators, enterprises, government agencies, and research and educational institutions globally. Juniper Networks delivers a portfolio of networking solutions that support the complex scale, security and performance of the world's most demanding mission-critical networks.",Juniper Networks Compact Flexible PIC Concentrator - expansion module,"$81,573.99","<div class=""quick-tech-spec"">
                    <div class=""quick-tech-spec-row"">
                        <div class=""quick-tech-spec-col"">
                            <ul>
                                    <li> Expansion module</li>
                                    <li>for M-series M120</li>
                            </ul>
                        </div>
                        <div class=""quick-tech-spec-col"">
                            <ul>
                                    <li>10 GigE</li>
                            </ul>
                        </div>
                    </div>
                </div>",MFG#: M120-CFPC-1XGE-XFP,,
https://webobjects2.cdw.com/is/image/CDW/6517481?$400x350$,Networking,CDW#: 6517481,The Imperva Dual SR Fiber Network Interface Card (NIC) features a 10 Gigabit Ethernet technology that ensures high-speed connectivity and quick data transfer.,Imperva 10GbE Dual SR Fiber Network Interface Card,Call,"<div class=""quick-tech-spec"">
                    <div class=""quick-tech-spec-row"">
                        <div class=""quick-tech-spec-col"">
                            <ul>
                                    <li>Data Link Protocol: 10GbE</li>
                            </ul>
                        </div>
                        <div class=""quick-tech-spec-col"">
                            <ul>
                            </ul>
                        </div>
                    </div>
                </div>",MFG#: SS-NIC-10G2-DSR-6GBP,,
https://webobjects2.cdw.com/is/image/CDW/2151132?$400x350$,Networking,CDW#: 2151132,"Oracle's Sun Dual Port 10 GbE SFP+ PCIe 2.0 networking card with SFP+ pluggable transceiver is designed for the need of the changing data center environments today. Ideal for slot-constrained environments, Sun Dual 10 GbE PCIe 2.0 card provides a simplified low cost alternative to multiple 1 GbE server adapters for Oracle's Sun portfolio of rack and blade servers.",Sun Dual 10GbE SFP+ PCIe 2.0 - network adapter - 2 ports,"$1,512.99","<div class=""quick-tech-spec"">
                    <div class=""quick-tech-spec-row"">
                        <div class=""quick-tech-spec-col"">
                            <ul>
                                    <li> Network adapter</li>
                                    <li>10 GigE</li>
                            </ul>
                        </div>
                        <div class=""quick-tech-spec-col"">
                            <ul>
                                    <li>PCIe 2.0 low profile</li>
                                    <li>2 ports</li>
                            </ul>
                        </div>
                    </div>
                </div>",MFG#: 1109A-Z,,
https://webobjects2.cdw.com/is/image/CDW/2255292?$400x350$,Networking,CDW#: 2255292,,Juniper Networks XFP Ethernet I/O Card for SRX 5000 - expansion module,"$21,106.99","<div class=""quick-tech-spec"">
                    <div class=""quick-tech-spec-row"">
                        <div class=""quick-tech-spec-col"">
                            <ul>
                                    <li> Expansion module</li>
                                    <li>for Juniper Networks SRX 5600</li>
                            </ul>
                        </div>
                        <div class=""quick-tech-spec-col"">
                            <ul>
                                    <li>10 GigE</li>
                                    <li>SRX 5800</li>
                            </ul>
                        </div>
                    </div>
                </div>",MFG#: SRX5K-4XGE-XFP,,
https://webobjects2.cdw.com/is/image/CDW/2282478?$400x350$,Networking,CDW#: 2282478,Oracle's Sun Dual Port 10GbE PCIe 2.0 networking cards with the Intel 82599 10GbE controller with pluggable transceivers are designed for today's changing datacenter environments and deliver outstanding performance in virtualized environments.,Sun Dual 10GbE Fabric Expansion Module - expansion module,$681.99,"<div class=""quick-tech-spec"">
                    <div class=""quick-tech-spec-row"">
                        <div class=""quick-tech-spec-col"">
                            <ul>
                                    <li> Expansion module</li>
                                    <li>factory integrated</li>
                            </ul>
                        </div>
                        <div class=""quick-tech-spec-col"">
                            <ul>
                                    <li>10Gb Ethernet x 2</li>
                            </ul>
                        </div>
                    </div>
                </div>",MFG#: 4871A-Z-N,,
https://webobjects2.cdw.com/is/image/CDW/4544844?$400x350$,Networking,CDW#: 4544844,This flexible and scalable 10/25GbE network adapter offers hardware optimizations and intelligent offloads for cloud and network virtualization deployment in a PCI Express v3.0 x 8 slot. This adapter is also backwards compatible to 10GbE and 1GbE.,Intel Ethernet Network Adapter XXV710-DA2 - network adapter - PCIe 3.0 x8 -,$396.99,"<div class=""quick-tech-spec"">
                    <div class=""quick-tech-spec-row"">
                        <div class=""quick-tech-spec-col"">
                            <ul>
                                    <li>DA2</li>
                                    <li>PCIe 3.0 x8 low profile</li>
                            </ul>
                        </div>
                        <div class=""quick-tech-spec-col"">
                            <ul>
                                    <li>Network adapter</li>
                                    <li>25 Gigabit SFP28 x 2</li>
                            </ul>
                        </div>
                    </div>
                </div>",MFG#: XXV710DA2,,
https://webobjects2.cdw.com/is/image/CDW/4562515?$400x350$,Networking,CDW#: 4562515,"The 700 series of adapters address the demanding needs of advanced agile data center by providing incredible features for both server and network virtualization, flexibility for LAN and SAN networks and reliable performance.",Intel Ethernet Converged Network Adapter XXV710-DA1 - network adapter - PCI,$376.99,"<div class=""quick-tech-spec"">
                    <div class=""quick-tech-spec-row"">
                        <div class=""quick-tech-spec-col"">
                            <ul>
                                    <li>DA1</li>
                                    <li>PCIe 3.0 x8 low profile</li>
                            </ul>
                        </div>
                        <div class=""quick-tech-spec-col"">
                            <ul>
                                    <li>Network adapter</li>
                                    <li>25 Gigabit SFP28 x 1</li>
                            </ul>
                        </div>
                    </div>
                </div>",MFG#: XXV710DA1BLK,,
https://webobjects2.cdw.com/is/image/CDW/4697805?$400x350$,Networking,CDW#: 4697805,"HPE MSA Fiber Channel-SFP+-Shortwave Transceiver, 16 Gbit, pack of 4.",HPE MSA 16GB Short Wave Fiber Channel SFP+ 4-Pack Transceiver,"$1,703.99","<div class=""quick-tech-spec"">
                    <div class=""quick-tech-spec-row"">
                        <div class=""quick-tech-spec-col"">
                            <ul>
                                    <li> MSA Fiber Channel</li>
                                    <li>16GB</li>
                            </ul>
                        </div>
                        <div class=""quick-tech-spec-col"">
                            <ul>
                                    <li>SFP+</li>
                                    <li>4Pack</li>
                            </ul>
                        </div>
                    </div>
                </div>",MFG#: C8R24B,,https://webobjects2.cdw.com/is/image/CDW/4697805a
https://webobjects2.cdw.com/is/image/CDW/4739570?$400x350$,Networking,CDW#: 4739570,The Broadcom NetXtreme Gigabit Ethernet Adapters are a family of high performance PCI Express adapters. The adapters are two ports and are supported on ThinkSystem and System x servers.,Lenovo ThinkSystem NetXtreme By Broadcom - network adapter - PCIe 2.0 x4 -,$138.99,"<div class=""quick-tech-spec"">
                    <div class=""quick-tech-spec-row"">
                        <div class=""quick-tech-spec-col"">
                            <ul>
                                    <li> Network adapter</li>
                                    <li>Gigabit Ethernet x 2</li>
                            </ul>
                        </div>
                        <div class=""quick-tech-spec-col"">
                            <ul>
                                    <li>PCIe 2.0 x4 low profile</li>
                                    <li>for ThinkAgile VX2330 Appliance; VX3330 Appliance; VX3530-G Appliance; VX7330-N Appliance</li>
                            </ul>
                        </div>
                    </div>
                </div>",MFG#: 7ZT7A00482,,
https://webobjects2.cdw.com/is/image/CDW/5492720?$400x350$,Networking,CDW#: 5492720,,HPE Nimble Storage 2-port Adapter Kit - network adapter - Gigabit Ethernet,"$1,694.99","<div class=""quick-tech-spec"">
                    <div class=""quick-tech-spec-row"">
                        <div class=""quick-tech-spec-col"">
                            <ul>
                                    <li>port Adapter Kit</li>
                                    <li>Gigabit Ethernet x 2</li>
                                    <li>for Nimble Storage Adaptive Flash HF20</li>
                                    <li>HF60; Nimble Storage All Flash AF20</li>
                                    <li>AF80</li>
                            </ul>
                        </div>
                        <div class=""quick-tech-spec-col"">
                            <ul>
                                    <li>Network adapter</li>
                                    <li>Field Upgrade</li>
                                    <li>HF40</li>
                                    <li>AF60</li>
                            </ul>
                        </div>
                    </div>
                </div>",MFG#: Q8C64B,,
https://webobjects2.cdw.com/is/image/CDW/5551134?$400x350$,Networking,CDW#: 5551134,The HPE Nimble Storage PCIe FC Host Bus Adapter provides high performance data transfer rates for mission-critical applications. This adapter supports a 16 Gb Fiber Channel interface.,HPE Nimble Storage PCIe Field Dual 16Gb FC Host Bus Adapter,"$15,816.99","<div class=""quick-tech-spec"">
                    <div class=""quick-tech-spec-row"">
                        <div class=""quick-tech-spec-col"">
                            <ul>
                                    <li> Interface: PCIe</li>
                            </ul>
                        </div>
                        <div class=""quick-tech-spec-col"">
                            <ul>
                                    <li>16Gb Fiber Channel</li>
                            </ul>
                        </div>
                    </div>
                </div>",MFG#: UPGD-PCI-16FCX1C,,
https://webobjects2.cdw.com/is/image/CDW/5590138?$400x350$,Networking,CDW#: 5590138,The RSA Ethernet Adapter is an ideal solution to achieve seamless network connectivity and data transfers. It offers a transfer speed of up to 10 Gb/s.,RSA 1Gbps LP Core Ethernet Adapter,$442.99,"<div class=""quick-tech-spec"">
                    <div class=""quick-tech-spec-row"">
                        <div class=""quick-tech-spec-col"">
                            <ul>
                                    <li> LP Core</li>
                            </ul>
                        </div>
                        <div class=""quick-tech-spec-col"">
                            <ul>
                                    <li>1Gbps</li>
                            </ul>
                        </div>
                    </div>
                </div>",MFG#: NW-QP-1GB-LP,,
https://webobjects2.cdw.com/is/image/CDW/5922942?$400x350$,Networking,CDW#: 5922942,"Intel Data Direct I/O technology is a platform technology that improves I/O data processing efficiency for data delivery and data consumption from I/O devices. With Intel DDIO, Intel server adapters and controllers talk directly to the processor cache without a detour via system memory, reducing latency, increasing system I/O bandwidth, and reducing power consumption.",Intel Ethernet Network Adapter X710-T2L - network adapter - PCIe 3.0 x8 - 1,$325.99,"<div class=""quick-tech-spec"">
                    <div class=""quick-tech-spec-row"">
                        <div class=""quick-tech-spec-col"">
                            <ul>
                                    <li>T2L</li>
                                    <li>PCIe 3.0 x8 low profile</li>
                            </ul>
                        </div>
                        <div class=""quick-tech-spec-col"">
                            <ul>
                                    <li>Network adapter</li>
                                    <li>100M/1G/2.5G/5G/10 Gigabit Ethernet x 2</li>
                            </ul>
                        </div>
                    </div>
                </div>",MFG#: X710-T2L,,
https://webobjects2.cdw.com/is/image/CDW/5987686?$400x350$,Networking,CDW#: 5987686,,HPE Nimble Storage 2-port Adapter Kit - network adapter - 10Gb Ethernet x 2,"$17,697.99","<div class=""quick-tech-spec"">
                    <div class=""quick-tech-spec-row"">
                        <div class=""quick-tech-spec-col"">
                            <ul>
                                    <li>port Adapter Kit</li>
                                    <li>10Gb Ethernet x 2</li>
                                    <li>for Nimble Storage Adaptive Flash HF40</li>
                                    <li>HF60C; Nimble Storage All Flash AF40</li>
                                    <li>AF80</li>
                            </ul>
                        </div>
                        <div class=""quick-tech-spec-col"">
                            <ul>
                                    <li>Network adapter</li>
                                    <li>factory integrated</li>
                                    <li>HF60</li>
                                    <li>AF60</li>
                            </ul>
                        </div>
                    </div>
                </div>",MFG#: Q8C01B,,
https://webobjects2.cdw.com/is/image/CDW/5789532?$400x350$,Networking,CDW#: 5789532,,CONTENTKEEPER MULTI-GB HAM NTWK CARD,"$2,394.99",,MFG#: CK-MGH,,
https://webobjects2.cdw.com/is/image/CDW/6145706?$400x350$,Networking,CDW#: 6145706,,HPE QUEEN PROMO USB 2.0 ENET DONGLE,$17.99,,MFG#: Q7Y55A,,
https://webobjects2.cdw.com/is/image/CDW/3850939?$400x350$,Networking,CDW#: 3850939,,HP C-SERIES 16GB FC SW SFP+ Transceiver,$639.99,"<div class=""quick-tech-spec"">
                    <div class=""quick-tech-spec-row"">
                        <div class=""quick-tech-spec-col"">
                            <ul>
                                    <li> Type: SFP+</li>
                            </ul>
                        </div>
                        <div class=""quick-tech-spec-col"">
                            <ul>
                                    <li>Network Technology: Fiber Channel</li>
                            </ul>
                        </div>
                    </div>
                </div>",MFG#: C8S72A,,
https://webobjects2.cdw.com/is/image/CDW/4728357?$400x350$,Networking,CDW#: 4728357,Optimize network connections with the Ciena Remote Terminal Unit 100G Line Interface Card.,Ciena RTU UMS 100G Line Interface Card,"$1,473.99","<div class=""quick-tech-spec"">
                    <div class=""quick-tech-spec-row"">
                        <div class=""quick-tech-spec-col"">
                            <ul>
                                    <li> 100G</li>
                            </ul>
                        </div>
                        <div class=""quick-tech-spec-col"">
                            <ul>
                            </ul>
                        </div>
                    </div>
                </div>",MFG#: NTNM70FB,,
https://webobjects2.cdw.com/is/image/CDW/4756174?$400x350$,Networking,CDW#: 4756174,The NETSCOUT 802.11a/b/g/n/ac 3x3:2 USB Adapter has been optimized for use with the AirMagnet tools for efficient and accurate 802.11ac testing and troubleshooting. The adapter provides a 3 x 3 MIMO configuration optimized for 2 spatial streams and can support channel widths up to 80 MHz allowing users to deploy and troubleshoot Wi-Fi networks delivering performance at data rates up to 1300 Mbps. Includes: 2 Edimax Wi-Fi Adapters; Multi-port USB hub; 5 adhesive labels for numbering the adapters and ports on the hub; and 4 Nylon Velcro Reclosable Fasteners (Hook and Loop types).,NetScout Adapter Kit Wireless 11AC,$359.99,"<div class=""quick-tech-spec"">
                    <div class=""quick-tech-spec-row"">
                        <div class=""quick-tech-spec-col"">
                            <ul>
                                    <li> 11AC</li>
                            </ul>
                        </div>
                        <div class=""quick-tech-spec-col"">
                            <ul>
                            </ul>
                        </div>
                    </div>
                </div>",MFG#: AM/D1095-Z1,,https://webobjects2.cdw.com/is/image/CDW/4756174a
https://webobjects2.cdw.com/is/image/CDW/6871888?$400x350$,Networking,CDW#: 6871888,,IBM 16GB 4PT FIBER CHANNEL ADAPTER,Call,,MFG#: 9080-M9S-EN1E,,
https://webobjects2.cdw.com/is/image/CDW/5115516?$400x350$,Networking,CDW#: 5115516,"Use the Forcepoint Gigabit Ethernet Module to provide efficient Gigabit Ethernet connectivity to Forcepoint Next Generation Firewalls. This 8-port module, with a PCIe 2.0 interface, provides a maximum transmission speed of 10/100/1000 Mb/s.",Forcepoint 8-Port Gigabit Ethernet RJ45 Module,"$1,701.99","<div class=""quick-tech-spec"">
                    <div class=""quick-tech-spec-row"">
                        <div class=""quick-tech-spec-col"">
                            <ul>
                                    <li> Technology: Gigabit Ethernet</li>
                                    <li>PCIe 2.0 Interface</li>
                            </ul>
                        </div>
                        <div class=""quick-tech-spec-col"">
                            <ul>
                                    <li>Number of Ports: 8</li>
                                    <li>Transmission Speed: 10/100/1000 Mbps</li>
                            </ul>
                        </div>
                    </div>
                </div>",MFG#: MOG8-0-XX00-X-N,,
https://webobjects2.cdw.com/is/image/CDW/4590093?$400x350$,Networking,CDW#: 4590093,"The Cisco UCS Virtual Interface Card (VIC) 1387 is a Cisco innovation. It provides a policy-based, stateless, agile server infrastructure for your data center. This dual-port Enhanced Quad Small Form-Factor Pluggable (QSFP) half-height PCI Express (PCIe) modular LAN-on-motherboard (mLOM) adapter is designed exclusively for Cisco UCS C-Series and C3160 Rack Servers. The card supports 40 Gigabit Ethernet and Fiber Channel over Ethernet (FCoE). It incorporates Cisco's next-generation converged network adapter (CNA) technology and offers a comprehensive feature set, providing investment protection for future feature software releases. The card can present more than 256 PCIe standards-compliant interfaces to the host, and these can be dynamically configured as either network interface cards (NICs) or host bus adapters (HBAs). In addition, the VIC supports Cisco Data Center Virtual Machine Fabric Extender (VM-FEX) technology. This technology extends the Cisco UCS fabric interconnect ports to virtual machines, simpl",Cisco UCS Virtual Interface Card 1387 - network adapter - 40 Gigabit QSFP x,"$1,099.99","<div class=""quick-tech-spec"">
                    <div class=""quick-tech-spec-row"">
                        <div class=""quick-tech-spec-col"">
                            <ul>
                                    <li> Network adapter</li>
                                    <li>for Hyperflex System HX220c M4</li>
                                    <li>HX240c M4</li>
                            </ul>
                        </div>
                        <div class=""quick-tech-spec-col"">
                            <ul>
                                    <li>40 Gigabit QSFP x 2</li>
                                    <li>HX220c M4S</li>
                            </ul>
                        </div>
                    </div>
                </div>",MFG#: HX-MLOM-C40Q-03,,
https://webobjects2.cdw.com/is/image/CDW/5246618?$400x350$,Networking,CDW#: 5246618,"The Cisco UCS VIC 1455 PCIe Converged Network Adapter features four 25 Gigabit SFP28 ports. It supports a PCIe interface and has a data transfer rate of 10/25 Gb/s. This network adapter is compatible with the UCS C240 M5, C240 M5L, C4200, SmartPlay Select C220 M5SX and SmartPlay Select C240 M5SX rack servers.",Cisco UCS Virtual Interface Card 1455 - network adapter,"$1,343.99","<div class=""quick-tech-spec"">
                    <div class=""quick-tech-spec-row"">
                        <div class=""quick-tech-spec-col"">
                            <ul>
                                    <li> PCIe</li>
                                    <li>for UCS C240 M5</li>
                                    <li>C4200</li>
                                    <li>SmartPlay Select C240 M5SX</li>
                            </ul>
                        </div>
                        <div class=""quick-tech-spec-col"">
                            <ul>
                                    <li>25 Gigabit SFP28 x 4</li>
                                    <li>C240 M5L</li>
                                    <li>S3260</li>
                            </ul>
                        </div>
                    </div>
                </div>",MFG#: UCSC-PCIE-C25Q-04=,,"https://webobjects2.cdw.com/is/image/CDW/5246618a,https://webobjects2.cdw.com/is/image/CDW/5246618b,https://webobjects2.cdw.com/is/image/CDW/5246618c"
https://webobjects2.cdw.com/is/image/CDW/5249057?$400x350$,Networking,CDW#: 5249057,"Add an Ethernet port to a PC client, server or workstation supporting four network speeds: 5G/2.5G/1G/100Mbps. This 4-speed NBASE-T PCIe network card offers an inexpensive network upgrade solution, providing access to your network at multiple speeds up to 5G, using your existing Cat5e copper cabling.",StarTech.com 5GbE PCIe Network Adapter Card NBASE-T Gigabit Ethernet NIC,$147.99,"<div class=""quick-tech-spec"">
                    <div class=""quick-tech-spec-row"">
                        <div class=""quick-tech-spec-col"">
                            <ul>
                                    <li>PCIe Network Adapter Card w/ single 5GbE NIC copper port for performance</li>
                                    <li>TN4010 | NBASE-T and 5GBASE-T | PCIe 2.0 x4 | 9K Jumbo Frame | VLAN | Link Aggregation | IEEE 802.3az | Full and Low Profile</li>
                                    <li>PCI Express Network Interface Card w/4-Speed negotiation: 5G/2.5G/1G/100M</li>
                            </ul>
                        </div>
                        <div class=""quick-tech-spec-col"">
                            <ul>
                                    <li>5 Gbps Multi-Gigabit Ethernet | 1x RJ45 | 5/2.5/1 Gbps | Tehuti</li>
                                    <li>Windows 7/8/10; Server 2008 R2/2012/2016/2019; Linux kernels 3.x+; MacOS 10.12 to 10.14;</li>
                                    <li>Supports auto-MDIX Wake-on-LAN (WoL)</li>
                            </ul>
                        </div>
                    </div>
                </div>",MFG#: ST5GPEXNB,,"https://webobjects2.cdw.com/is/image/CDW/5249057a,https://webobjects2.cdw.com/is/image/CDW/5249057b,https://webobjects2.cdw.com/is/image/CDW/5249057c,https://webobjects2.cdw.com/is/image/CDW/5249057d,https://webobjects2.cdw.com/is/image/CDW/5249057e"
https://webobjects2.cdw.com/is/image/CDW/4770749?$400x350$,Networking,CDW#: 4770749,This flexible and scalable 10/25GbE network adapter offers hardware optimizations and intelligent offloads for cloud and network virtualization deployment in a PCI Express v3.0 x 8 slot. This adapter is also backwards compatible to 10GbE and 1GbE.,Intel Ethernet Network Adapter XXV710-DA2 - network adapter - PCIe 3.0 x8 -,$376.99,"<div class=""quick-tech-spec"">
                    <div class=""quick-tech-spec-row"">
                        <div class=""quick-tech-spec-col"">
                            <ul>
                                    <li>DA2</li>
                                    <li>PCIe 3.0 x8 low profile</li>
                            </ul>
                        </div>
                        <div class=""quick-tech-spec-col"">
                            <ul>
                                    <li>Network adapter</li>
                                    <li>25 Gigabit SFP28 x 2</li>
                            </ul>
                        </div>
                    </div>
                </div>",MFG#: XXV710DA2BLK,,
https://webobjects2.cdw.com/is/image/CDW/4988522?$400x350$,Networking,CDW#: 4988522,"Enable smooth streaming of higher-resolution videos, fewer dropped connections, less congestion, and faster speed, further away from the router with the Intel 8265 802.11 a/b/g/n/ac&BT PCIe.",Intel Dual Band Wireless-AC 8265 - network adapter - PCIe,$63.99,"<div class=""quick-tech-spec"">
                    <div class=""quick-tech-spec-row"">
                        <div class=""quick-tech-spec-col"">
                            <ul>
                                    <li>AC 8265</li>
                                    <li>PCIe</li>
                                    <li>Bluetooth 4.2</li>
                                    <li>Z6 G4</li>
                            </ul>
                        </div>
                        <div class=""quick-tech-spec-col"">
                            <ul>
                                    <li>Network adapter</li>
                                    <li>802.11ac</li>
                                    <li>for Workstation Z4 G4</li>
                                    <li>Z8 G4</li>
                            </ul>
                        </div>
                    </div>
                </div>",MFG#: 1QL48AA,,
https://webobjects2.cdw.com/is/image/CDW/4908022?$400x350$,Networking,CDW#: 4908022,Blue Coat's 10 Gigabit Ethernet bypass NIC cards are PCIe x8 network adapters containing two copper 10 Gigabit interfaces.,Blue Coat 10 Gigabit Ethernet bypass NIC - network adapter - PCIe x8 - 10Gb,Call,"<div class=""quick-tech-spec"">
                    <div class=""quick-tech-spec-row"">
                        <div class=""quick-tech-spec-col"">
                            <ul>
                                    <li> Network adapter</li>
                                    <li>10Gb Ethernet x 2</li>
                            </ul>
                        </div>
                        <div class=""quick-tech-spec-col"">
                            <ul>
                                    <li>PCIe x8</li>
                            </ul>
                        </div>
                    </div>
                </div>",MFG#: NIC-S400-2X10G-PT-SR-FBR,,
https://webobjects2.cdw.com/is/image/CDW/5354006?$400x350$,Networking,CDW#: 5354006,"The Cisco UCS VIC 1457 (Figure 5) is a quad-port Small Form-Factor Pluggable (SFP28) mLOM card designed for the M5 generation of Cisco UCS C-Series Rack Servers. The card supports 10/25-Gbps Ethernet or FCoE. The card can present PCIe standards-compliant interfaces to the host, and these can be dynamically configured as either NICs or HBAs.",Cisco UCS Virtual Interface Card 1457 - network adapter - PCIe 3.0 x16 - 25,"$1,238.99","<div class=""quick-tech-spec"">
                    <div class=""quick-tech-spec-row"">
                        <div class=""quick-tech-spec-col"">
                            <ul>
                                    <li> Network adapter</li>
                                    <li>25 Gigabit SFP28 x 4</li>
                                    <li>HX-E-220; UCS Smart Play HX220c M5</li>
                            </ul>
                        </div>
                        <div class=""quick-tech-spec-col"">
                            <ul>
                                    <li>PCIe 3.0 x16</li>
                                    <li>for Hyperflex System HX240c M5</li>
                            </ul>
                        </div>
                    </div>
                </div>",MFG#: HX-MLOM-C25Q-04,,
https://webobjects2.cdw.com/is/image/CDW/5319387?$400x350$,Networking,CDW#: 5319387,"With 10GBASE-T, migration to 10 GbE is dramatically simplified with backward compatibility for your existing GbE network infrastructure. Install an X550 adapter into a server and the auto-negotiation between 1 GbE and 10 GbE provides the necessary backwards compatibility that most customers require for a smooth transition and easy migration to 10 GbE. When time and budget allows, 10GBASE-T switches can be added any time to experience the full benefits of 10 GbE.",Intel Ethernet Converged Network Adapter X550-T1 - network adapter - PCIe 3,$369.99,"<div class=""quick-tech-spec"">
                    <div class=""quick-tech-spec-row"">
                        <div class=""quick-tech-spec-col"">
                            <ul>
                                    <li>T1</li>
                                    <li>PCIe 3.0 x4 low profile</li>
                            </ul>
                        </div>
                        <div class=""quick-tech-spec-col"">
                            <ul>
                                    <li>Network adapter</li>
                                    <li>10Gb Ethernet x 1</li>
                            </ul>
                        </div>
                    </div>
                </div>",MFG#: X550T1BLK,,
https://webobjects2.cdw.com/is/image/CDW/5336792?$400x350$,Networking,CDW#: 5336792,"The Cisco UCS VIC 1457 (Figure 5) is a quad-port Small Form-Factor Pluggable (SFP28) mLOM card designed for the M5 generation of Cisco UCS C-Series Rack Servers. The card supports 10/25-Gbps Ethernet or FCoE. The card can present PCIe standards-compliant interfaces to the host, and these can be dynamically configured as either NICs or HBAs.",Cisco UCS Virtual Interface Card 1457 - network adapter - PCIe 3.0 x16 - 10,"$1,318.99","<div class=""quick-tech-spec"">
                    <div class=""quick-tech-spec-row"">
                        <div class=""quick-tech-spec-col"">
                            <ul>
                                    <li> Network adapter</li>
                                    <li>10Gb Ethernet / 25Gb Ethernet SFP28 x 4</li>
                                    <li>SmartPlay Select C220 M5SX</li>
                            </ul>
                        </div>
                        <div class=""quick-tech-spec-col"">
                            <ul>
                                    <li>PCIe 3.0 x16</li>
                                    <li>for UCS C240 M5</li>
                                    <li>SmartPlay Select C240 M5SX</li>
                            </ul>
                        </div>
                    </div>
                </div>",MFG#: UCSC-MLOM-C25Q-04=,,"https://webobjects2.cdw.com/is/image/CDW/5336792a,https://webobjects2.cdw.com/is/image/CDW/5336792b,https://webobjects2.cdw.com/is/image/CDW/5336792c"
https://webobjects2.cdw.com/is/image/CDW/5469720?$400x350$,Networking,CDW#: 5469720,"The ThinkStation AC Wi-Fi Solution with Internal Antenna Kit using the Intel Wireless-AC 8265 adapter which will dramatically reshape your connected experience at work with ThinkStation PCs. The 2x2 802.11ac Wi-Fi can deliver 3x faster Wi-Fi spead up to 867Mbps., faster downloads and longer battery life than 802.11n devices. It supports Bluetooth 4.2 and the downlink MU-MIMO provides up to 3x increase in user speeds in dense deployments. It is fully compatible with certain ThinkStation PCs with the internal antenna kit.",Lenovo ThinkStation AC Wi-Fi Solution Intel 8265 with Internal Antenna Kit,$39.99,"<div class=""quick-tech-spec"">
                    <div class=""quick-tech-spec-row"">
                        <div class=""quick-tech-spec-col"">
                            <ul>
                                    <li>Fi Solution Intel 8265 with Internal Antenna Kit</li>
                                    <li>M.2 Card</li>
                                    <li>Bluetooth 4.2</li>
                                    <li>30BY</li>
                            </ul>
                        </div>
                        <div class=""quick-tech-spec-col"">
                            <ul>
                                    <li>Network adapter</li>
                                    <li>802.11ac</li>
                                    <li>for ThinkStation P520c 30BX</li>
                                    <li>30C0</li>
                            </ul>
                        </div>
                    </div>
                </div>",MFG#: 4XC0T22657,,
https://webobjects2.cdw.com/is/image/CDW/5483531?$400x350$,Networking,CDW#: 5483531,"The Cisco Virtual Interface Card 1495 is a dual-port Quad Small Form-Factor (QSFP28) PCIe card designed for the M5 generation of Cisco UCS C-Series Rack Servers. The card supports 40/100-Gbps Ethernet or FCoE. The card can present PCIe standards-compliant interfaces to the host, and these can be dynamically configured as NICs or HBAs.",Cisco UCS Virtual Interface Card 1495 - network adapter - PCIe 3.0 x16 - 10,"$1,509.99","<div class=""quick-tech-spec"">
                    <div class=""quick-tech-spec-row"">
                        <div class=""quick-tech-spec-col"">
                            <ul>
                                    <li> Network adapter</li>
                                    <li>100 Gigabit QSFP28 x 2</li>
                                    <li>C220 M5</li>
                                    <li>C240 M5L</li>
                                    <li>C480</li>
                                    <li>SmartPlay Select C240 M5SX</li>
                            </ul>
                        </div>
                        <div class=""quick-tech-spec-col"">
                            <ul>
                                    <li>PCIe 3.0 x16</li>
                                    <li>for UCS C125 M5</li>
                                    <li>C240 M5</li>
                                    <li>C4200</li>
                                    <li>S3260</li>
                            </ul>
                        </div>
                    </div>
                </div>",MFG#: UCSC-PCIE-C100-04,,
https://webobjects2.cdw.com/is/image/CDW/5484740?$400x350$,Networking,CDW#: 5484740,"Pair the Lenovo Wireless Mouse / Keyboard Receiver with your laptop or notebook to enable a smooth, wireless connection. This receiver has a four-pin USB Type A connector that ensures easy connectivity to a system.",Lenovo wireless mouse / keyboard receiver - USB,$9.99,"<div class=""quick-tech-spec"">
                    <div class=""quick-tech-spec-row"">
                        <div class=""quick-tech-spec-col"">
                            <ul>
                                    <li> USB</li>
                            </ul>
                        </div>
                        <div class=""quick-tech-spec-col"">
                            <ul>
                                    <li>for 100e Chromebook (2nd Gen) MTK; 14; 14e Chromebook; 500e Chromebook (2nd Gen)</li>
                            </ul>
                        </div>
                    </div>
                </div>",MFG#: 4XH0R55468,,https://webobjects2.cdw.com/is/image/CDW/5484740a
https://webobjects2.cdw.com/is/image/CDW/5486184?$400x350$,Networking,CDW#: 5486184,"The Cisco Virtual Interface Card 1495 is a dual-port Quad Small Form-Factor (QSFP28) PCIe card designed for the M5 generation of Cisco UCS C-Series Rack Servers. The card supports 40/100-Gbps Ethernet or FCoE. The card can present PCIe standards-compliant interfaces to the host, and these can be dynamically configured as NICs or HBAs.",Cisco UCS Virtual Interface Card 1495 - network adapter - PCIe 3.0 x16 - 10,"$1,509.99","<div class=""quick-tech-spec"">
                    <div class=""quick-tech-spec-row"">
                        <div class=""quick-tech-spec-col"">
                            <ul>
                                    <li> Network adapter</li>
                                    <li>100 Gigabit QSFP28 x 2</li>
                                    <li>Smart Play Select HX240c M5</li>
                            </ul>
                        </div>
                        <div class=""quick-tech-spec-col"">
                            <ul>
                                    <li>PCIe 3.0 x16</li>
                                    <li>for UCS Smart Play HX220c M5</li>
                                    <li>SmartPlay HXAF240c M5</li>
                            </ul>
                        </div>
                    </div>
                </div>",MFG#: HX-PCIE-C100-04=,,
https://webobjects2.cdw.com/is/image/CDW/5486187?$400x350$,Networking,CDW#: 5486187,"The Cisco UCS 1497 Virtual Interface Card is a datacenter platform that unites computing, networking, storage access and virtualization resources in a cohesive system designed to reduce Total Cost of Ownership (TCO) and increase business agility. It extends the network fabric directly to both servers and virtual machines so that a single connectivity mechanism can be used to connect both physical and virtual servers with the same level of visibility and control. This card supports a 40/100 Gb/s Ethernet protocol for seamless connectivity. For enhanced usage, it can present PCIe standards-compliant interfaces to the host, and these can be dynamically configured as NICs or HBAs.",Cisco UCS Virtual Interface Card 1497 - network adapter,"$1,371.99","<div class=""quick-tech-spec"">
                    <div class=""quick-tech-spec-row"">
                        <div class=""quick-tech-spec-col"">
                            <ul>
                                    <li> PCIe 3.0 x16</li>
                                    <li>for UCS Smart Play HX220c M5</li>
                                    <li>SmartPlay HXAF240c M5</li>
                            </ul>
                        </div>
                        <div class=""quick-tech-spec-col"">
                            <ul>
                                    <li>100 Gigabit QSFP28 / 40 Gigabit QSFP28 x 2</li>
                                    <li>Smart Play Select HX240c M5</li>
                            </ul>
                        </div>
                    </div>
                </div>",MFG#: HX-MLOM-C100-04=,,
https://webobjects2.cdw.com/is/image/CDW/5577496?$400x350$,Networking,CDW#: 5577496,"The Juniper Networks QFX10000 line of modular Ethernet switches delivers up to 96 Tbps of system throughput, scalable to over 200 Tbps in the future, to meet the rapid and ongoing traffic growth in the data center. Industry-leading scale and density on the QFX10000 modular switches redefine per-slot economics, enabling customers to do more with less while simplifying network design and reducing OpEx. Based on purpose-built Q5 ASICs, the QFX10000 line delivers unparalleled intelligence and analytics, providing deeper insights into application performance.",Juniper Networks QFX Series QFX10008 Switch Fabric Card - Spare - switch -,"$17,256.99","<div class=""quick-tech-spec"">
                    <div class=""quick-tech-spec-row"">
                        <div class=""quick-tech-spec-col"">
                            <ul>
                                    <li> Spare</li>
                                    <li>plug-in module</li>
                            </ul>
                        </div>
                        <div class=""quick-tech-spec-col"">
                            <ul>
                                    <li>switch</li>
                                    <li>FRU</li>
                            </ul>
                        </div>
                    </div>
                </div>",MFG#: QFX10008-SF,,
https://webobjects2.cdw.com/is/image/CDW/5806479?$400x350$,Networking,CDW#: 5806479,"With ConnectX-4 Lx EN, server and storage applications will achieve significant throughput and latency improvements resulting in faster access, real-time response and more virtual machines hosted per server. ConnectX-4 Lx EN for Open Compute Project (OCP) specification 2.0 improves network performance by increasing available bandwidth while decreasing the associated transport load on the CPU especially in virtualized server environments.",Mellanox ConnectX-4 Lx EN MCX4121A-ACUT - network adapter - PCIe 3.0 x8 - 2,$274.99,"<div class=""quick-tech-spec"">
                    <div class=""quick-tech-spec-row"">
                        <div class=""quick-tech-spec-col"">
                            <ul>
                                    <li>4 Lx EN MCX4121A-ACUT</li>
                                    <li>PCIe 3.0 x8</li>
                            </ul>
                        </div>
                        <div class=""quick-tech-spec-col"">
                            <ul>
                                    <li>Network adapter</li>
                                    <li>25 Gigabit SFP28 x 2</li>
                            </ul>
                        </div>
                    </div>
                </div>",MFG#: MCX4121A-ACUT,,
https://webobjects2.cdw.com/is/image/CDW/5967830?$400x350$,Networking,CDW#: 5967830,"The Cisco UCS VIC 1457 (Figure 5) is a quad-port Small Form-Factor Pluggable (SFP28) mLOM card designed for the M5 generation of Cisco UCS C-Series Rack Servers. The card supports 10/25-Gbps Ethernet or FCoE. The card can present PCIe standards-compliant interfaces to the host, and these can be dynamically configured as either NICs or HBAs.",Cisco UCS Virtual Interface Card 1457 - network adapter - PCIe 3.0 x16 - 25,"$1,236.99","<div class=""quick-tech-spec"">
                    <div class=""quick-tech-spec-row"">
                        <div class=""quick-tech-spec-col"">
                            <ul>
                                    <li> Network adapter</li>
                                    <li>25 Gigabit SFP28 x 4</li>
                                    <li>HX-E-220; UCS Smart Play HX220c M5</li>
                            </ul>
                        </div>
                        <div class=""quick-tech-spec-col"">
                            <ul>
                                    <li>PCIe 3.0 x16</li>
                                    <li>for Hyperflex System HX240c M5</li>
                            </ul>
                        </div>
                    </div>
                </div>",MFG#: HX-MLOM-C25Q-04=,,
https://webobjects2.cdw.com/is/image/CDW/6236476?$400x350$,Networking,CDW#: 6236476,"Improve application efficiency and network performance with innovative and versatile capabilities that optimize high-performance server workloads such as NFV, storage, HPC-AI and hybrid cloud.",Intel Ethernet Network Adapter E810-CQDA2 - network adapter - PCIe 4.0 x16,$852.99,"<div class=""quick-tech-spec"">
                    <div class=""quick-tech-spec-row"">
                        <div class=""quick-tech-spec-col"">
                            <ul>
                                    <li>CQDA2</li>
                                    <li>PCIe 4.0 x16 low profile</li>
                            </ul>
                        </div>
                        <div class=""quick-tech-spec-col"">
                            <ul>
                                    <li>Network adapter</li>
                                    <li>QSFP28 x 2</li>
                            </ul>
                        </div>
                    </div>
                </div>",MFG#: E810CQDA2BLK,,
https://webobjects2.cdw.com/is/image/CDW/6236477?$400x350$,Networking,CDW#: 6236477,"The Intel® Ethernet Network Adapter E810-XXVDA4 streamlines migration to 10 Gigabit Ethernet to offer efficient virtualization, RCoE and more. This network interface adapter hosts the Intel® Ethernet Controller E810, which acts as a single chip solution for LAN on motherboard to drive 10 GbE on your server platform.",Intel Ethernet Network Adapter E810-XXVDA4 - network adapter - PCIe 4.0 x16,$745.99,"<div class=""quick-tech-spec"">
                    <div class=""quick-tech-spec-row"">
                        <div class=""quick-tech-spec-col"">
                            <ul>
                                    <li>XXVDA4</li>
                                    <li>PCIe 4.0 x16 low profile</li>
                            </ul>
                        </div>
                        <div class=""quick-tech-spec-col"">
                            <ul>
                                    <li>Network adapter</li>
                                    <li>25 Gigabit SFP28 x 4</li>
                            </ul>
                        </div>
                    </div>
                </div>",MFG#: E810XXVDA4BLK,,
https://webobjects2.cdw.com/is/image/CDW/6236479?$400x350$,Networking,CDW#: 6236479,"Intel Data Direct I/O technology is a platform technology that improves I/O data processing efficiency for data delivery and data consumption from I/O devices. With Intel DDIO, Intel server adapters and controllers talk directly to the processor cache without a detour via system memory, reducing latency, increasing system I/O bandwidth, and reducing power consumption.",Intel Ethernet Network Adapter X710-T2L - network adapter - PCIe 3.0 x8 - 1,$331.99,"<div class=""quick-tech-spec"">
                    <div class=""quick-tech-spec-row"">
                        <div class=""quick-tech-spec-col"">
                            <ul>
                                    <li>T2L</li>
                                    <li>PCIe 3.0 x8 low profile</li>
                            </ul>
                        </div>
                        <div class=""quick-tech-spec-col"">
                            <ul>
                                    <li>Network adapter</li>
                                    <li>100M/1G/2.5G/5G/10 Gigabit Ethernet x 2</li>
                            </ul>
                        </div>
                    </div>
                </div>",MFG#: X710T2LBLK,,
https://webobjects2.cdw.com/is/image/CDW/6135437?$400x350$,Networking,CDW#: 6135437,The IBM 1Gb Grid Quad Port Copper Connection provides a quad port 1-Gb/s 10/100/1000Base-TX PCIe Ethernet adapter for Grid Communication between TS7700s with a single port enabled. This adapter has an RJ-45 connector for attaching CAT6 cables. It conforms to the IEEE 802.3ab 1000Base-T standard and supports distances of up to 100 meters using four pairs of CAT6 balanced copper cabling.,IBM 1Gb Grid Quad Port Copper Connection,Call,"<div class=""quick-tech-spec"">
                    <div class=""quick-tech-spec-row"">
                        <div class=""quick-tech-spec-col"">
                            <ul>
                                    <li> Quad Port</li>
                            </ul>
                        </div>
                        <div class=""quick-tech-spec-col"">
                            <ul>
                            </ul>
                        </div>
                    </div>
                </div>",MFG#: 3957-VED-1039,,
https://webobjects2.cdw.com/is/image/CDW/3281564?$400x350$,Networking,CDW#: 3281564,"The Intel Ethernet Server Adapter I210 builds on Intel's history of excellence in Ethernet products. Intel continues its market leadership with this PCIe GbE network adapter. Based on the Intel Ethernet Controller I210, this adapter represents the next step in the Gigabit Ethernet (GbE) networking evolution for the enterprise and data center offering Audio-Video-Bridging (AVB) support, along with power management technologies such as Energy Efficient Ethernet (EEE) and DMA Coalescing (DMAC).",Intel Ethernet Server Adapter I210-T1 - network adapter - PCIe 2.1 - Gigabi,$53.99,"<div class=""quick-tech-spec"">
                    <div class=""quick-tech-spec-row"">
                        <div class=""quick-tech-spec-col"">
                            <ul>
                                    <li>T1</li>
                                    <li>PCIe 2.1 low profile</li>
                            </ul>
                        </div>
                        <div class=""quick-tech-spec-col"">
                            <ul>
                                    <li>Network adapter</li>
                                    <li>Gigabit Ethernet</li>
                            </ul>
                        </div>
                    </div>
                </div>",MFG#: I210T1BLK,,
https://webobjects2.cdw.com/is/image/CDW/3452603?$400x350$,Networking,CDW#: 3452603,"Oracle's Sun Quad Port PCIe 2.0 Gigabit Ethernet Networking Cards, incorporating the Intel i350 Controller, offer high density mutli-port copper and fiber cards designed for Sun's rack and blade servers. These cards address the multi-port network connectivity needs of the changing data center environments. Ideal for slot-constrained servers, Sun Quad Port PCIe 2.0 Gigabit Ethernet Networking Cards provide a simplified low cost alternative to multiple 1 GbE server adapters for Oracle's Sun portfolio of SPARC and x86 servers.",Sun Dual Port PCIe 2.0 Gigabit Ethernet Networking Card - network adapter -,$901.99,"<div class=""quick-tech-spec"">
                    <div class=""quick-tech-spec-row"">
                        <div class=""quick-tech-spec-col"">
                            <ul>
                                    <li> Network adapter</li>
                                    <li>1000Base-SX x 2</li>
                                    <li>for Netra SPARC T4-1 Server</li>
                                    <li>X3-2L</li>
                            </ul>
                        </div>
                        <div class=""quick-tech-spec-col"">
                            <ul>
                                    <li>PCIe 2.0 x4 low profile</li>
                                    <li>factory integrated</li>
                                    <li>T4-2 Server; Server X3-2</li>
                            </ul>
                        </div>
                    </div>
                </div>",MFG#: 7100482,,
https://webobjects2.cdw.com/is/image/CDW/3777370?$400x350$,Networking,CDW#: 3777370,,McAfee Network Security 6 port 1 GE RJ45 Network Module - expansion module,"$2,518.99","<div class=""quick-tech-spec"">
                    <div class=""quick-tech-spec-row"">
                        <div class=""quick-tech-spec-col"">
                            <ul>
                                    <li> Expansion module</li>
                                    <li>GHE</li>
                            </ul>
                        </div>
                        <div class=""quick-tech-spec-col"">
                            <ul>
                                    <li>Gigabit Ethernet x 6</li>
                                    <li>Elite</li>
                            </ul>
                        </div>
                    </div>
                </div>",MFG#: IAC-6P1NET-MODL,,
https://webobjects2.cdw.com/is/image/CDW/3020812?$400x350$,Networking,CDW#: 3020812,"SIIG's DP 1-Port ECP/EPP Parallel PCI is a high performance adapter card designed to easily add one ECP/EPP parallel port to your PCI enabled desktop computer. Its ECP/EPP parallel port delivers data transfer rates of up to 1.5MB/s. The dual profile design, along with the included spare low-profile bracket, allows you to install the board into either standard height or low profile system chassis. The DP 1-Port ECP/EPP Parallel PCI is the smart and cost effective choice enabling you to add an extra parallel port for additional parallel port device connections.",SIIG DP 1-Port ECP/EPP Parallel PCI - parallel adapter - PCI - IEEE 1284,$24.99,"<div class=""quick-tech-spec"">
                    <div class=""quick-tech-spec-row"">
                        <div class=""quick-tech-spec-col"">
                            <ul>
                                    <li>Port ECP/EPP Parallel PCI</li>
                                    <li>PCI low profile</li>
                            </ul>
                        </div>
                        <div class=""quick-tech-spec-col"">
                            <ul>
                                    <li>Parallel adapter</li>
                                    <li>IEEE 1284</li>
                            </ul>
                        </div>
                    </div>
                </div>",MFG#: JJ-P01411-S1,,
https://webobjects2.cdw.com/is/image/CDW/1904201?$400x350$,Networking,CDW#: 1904201,"The Cisco Clear Channel T3/E3 shared port adapter (SPA) is designed to provide direct connectivity to T3/E3 lines for full-duplex communications at the T3 rate of 44.736 MHz or E3 rate of 34.368 MHz. The ports are configurable as either all T3 or all E3. To support the widest range of operational environments and to offer the greatest flexibility in provisioning clear channel T3/E3 connections, the Cisco Clear Channel T3/E3 SPAs take a groundbreaking step and bring together proprietary subrate and scrambling features of T3/E3 DSU vendors Quick Eagle Networks (formerly Digital Link), Larscom, ADC Kentrox, Adtran, and Verilink. Subrate support in the Cisco Clear Channel T3/E3 SPAs maximizes the application of these products in service provider environments for tiered T3 services. By simultaneously supporting interoperability with a wide range of third-party DSU vendors, the Cisco Clear Channel T3/E3 SPAs offer the flexibility to support installed equipment without committing customers to a proprietary solution.",Cisco 4-Port Clear Channel T3/E3 Shared Port Adapter - expansion module - 4,"$11,809.99","<div class=""quick-tech-spec"">
                    <div class=""quick-tech-spec-row"">
                        <div class=""quick-tech-spec-col"">
                            <ul>
                                    <li>Port Clear Channel T3/E3 Shared Port Adapter</li>
                                    <li>HDLC</li>
                                    <li>PPP</li>
                                    <li>T-3/E-3</li>
                                    <li>12000-SIP-501=</li>
                                    <li>12000-SIP-601-RF</li>
                            </ul>
                        </div>
                        <div class=""quick-tech-spec-col"">
                            <ul>
                                    <li>Expansion module</li>
                                    <li>Frame Relay</li>
                                    <li>4 ports</li>
                                    <li>for P/N: 12000-SIP-501</li>
                                    <li>12000-SIP-601</li>
                                    <li>7600-SIP-200-RF</li>
                            </ul>
                        </div>
                    </div>
                </div>",MFG#: SPA-4XT3/E3,,
https://webobjects2.cdw.com/is/image/CDW/3462742?$400x350$,Networking,CDW#: 3462742,"IOGEAR's GWHDRX01, Wireless HDMI Receiver is an extension or add-on to the Long Range Wireless 5x2 HDMI Matrix PRO (GWHDMS52MB), as it gives the ability to stream to another HDTV or projector and is capable of receiving Full HD 1080p 60Hz content with digital audio up to 200 feet away from the Long Range Wireless 5x2 HDMI Matrix PRO's transmitter.",IOGEAR Wireless 5x2 HD Matrix Pro GWHDRX01 - wireless video/audio extender,$255.99,"<div class=""quick-tech-spec"">
                    <div class=""quick-tech-spec-row"">
                        <div class=""quick-tech-spec-col"">
                            <ul>
                                    <li> Wireless video/audio extender</li>
                            </ul>
                        </div>
                        <div class=""quick-tech-spec-col"">
                            <ul>
                                    <li>up to 30 ft</li>
                            </ul>
                        </div>
                    </div>
                </div>",MFG#: GWHDRX01,,https://webobjects2.cdw.com/is/image/CDW/3462742a
https://webobjects2.cdw.com/is/image/CDW/2163925?$400x350$,Networking,CDW#: 2163925,"The Cisco 4-Port OC-3 POS shared port adapter (SPA) is available on high-end Cisco Systems routing platforms offering the benefits of network scalability with lower initial costs and ease of upgrades. The Cisco SPA/SIP portfolio continues the Cisco focus on investment protection along with consistent feature support, broad interface availability, and the latest technology. The Cisco SPA/SIP portfolio allows deployment of different interfaces (Packet over SONET/SDH [POS], ATM, Ethernet, and so on) on the same interface processor.",Cisco 4-Port OC-3c/STM-1 POS Shared Port Adapter - expansion module - SFP (,"$22,756.99","<div class=""quick-tech-spec"">
                    <div class=""quick-tech-spec-row"">
                        <div class=""quick-tech-spec-col"">
                            <ul>
                                    <li>Port OC-3c/STM-1 POS Shared Port Adapter</li>
                                    <li>SFP (mini-GBIC) x 4</li>
                                    <li>for P/N: ASR1001X-AIS-AX</li>
                                    <li>C1-ASR1001-X/K9</li>
                            </ul>
                        </div>
                        <div class=""quick-tech-spec-col"">
                            <ul>
                                    <li>Expansion module</li>
                                    <li>OC-3c/STM-1</li>
                                    <li>ASR1002X-36G-K9-RF</li>
                                    <li>C1-ASR1002-X/K9</li>
                            </ul>
                        </div>
                    </div>
                </div>",MFG#: SPA-4XOC3-POS-V2,,
https://webobjects2.cdw.com/is/image/CDW/3509169?$400x350$,Networking,CDW#: 3509169,"The X710-DA4 adapter delivers four ports of wire-speed 10GbE and is backwards compatible to 1GbE. Intel Ethernet 700 Series Network Adapters are the foundation for server connectivity, providing broad interoperability, critical performance optimizations, and increased agility for Telecommunications, Cloud, and Enterprise IT network solutions.",Intel Ethernet Converged Network Adapter X710-DA4 - network adapter - PCIe,$509.99,"<div class=""quick-tech-spec"">
                    <div class=""quick-tech-spec-row"">
                        <div class=""quick-tech-spec-col"">
                            <ul>
                                    <li>DA4</li>
                                    <li>PCIe 3.0 x8</li>
                            </ul>
                        </div>
                        <div class=""quick-tech-spec-col"">
                            <ul>
                                    <li>Network adapter</li>
                                    <li>10 Gigabit SFP+ x 4</li>
                            </ul>
                        </div>
                    </div>
                </div>",MFG#: X710DA4FHBLK,,
https://webobjects2.cdw.com/is/image/CDW/3509180?$400x350$,Networking,CDW#: 3509180,"The X710-QDA2 delivers two ports of 40GbE, and is backwards compatible to 10GbE. Intel Ethernet 700 Series Network Adapters are the foundation for server connectivity, providing broad interoperability, critical performance optimizations, and increased agility for Telecommunications, Cloud, and Enterprise IT network solutions.",Intel Ethernet Converged Network Adapter XL710-QDA2 - network adapter - PCI,$573.99,"<div class=""quick-tech-spec"">
                    <div class=""quick-tech-spec-row"">
                        <div class=""quick-tech-spec-col"">
                            <ul>
                                    <li>QDA2</li>
                                    <li>PCIe 3.0 x8 low profile</li>
                            </ul>
                        </div>
                        <div class=""quick-tech-spec-col"">
                            <ul>
                                    <li>Network adapter</li>
                                    <li>40 Gigabit QSFP+ x 2</li>
                            </ul>
                        </div>
                    </div>
                </div>",MFG#: XL710QDA2BLK,,
https://webobjects2.cdw.com/is/image/CDW/5148061?$400x350$,Networking,CDW#: 5148061,"The HPE Nimble Storage 4-port FIO Adapter Kit expands the capacity of drive arrays by offering four additional 16Gb Fiber Channel ports. It is compatible with HPE Nimble Storage AF20Q, AF20, AF40, AF60 and AF80 All Flash Arrays.",HPE Nimble Storage 4-port Adapter Kit - host bus adapter,"$35,395.99","<div class=""quick-tech-spec"">
                    <div class=""quick-tech-spec-row"">
                        <div class=""quick-tech-spec-col"">
                            <ul>
                                    <li> 16Gb Fibre Channel x 4</li>
                                    <li>for Nimble Storage Adaptive Flash HF20</li>
                                    <li>AF40</li>
                                    <li>AF80</li>
                            </ul>
                        </div>
                        <div class=""quick-tech-spec-col"">
                            <ul>
                                    <li>factory integrated</li>
                                    <li>HF60; Nimble Storage All Flash AF20</li>
                                    <li>AF60</li>
                            </ul>
                        </div>
                    </div>
                </div>",MFG#: Q8C04B,,
https://webobjects2.cdw.com/is/image/CDW/3509177?$400x350$,Networking,CDW#: 3509177,"Intel continues its legacy of Ethernet leadership by introducing a 10/40 gigabit family of adapters powered by, the Intel Ethernet XL710 Controller, codenamed Fortville. The XL710 adapter family addresses the demanding needs of the next-generation agile data center by providing unmatched features for both server and network virtualization, flexibility for LAN and SAN networks, and proven, reliable performance.",Intel Ethernet Converged Network Adapter XL710-QDA1 - network adapter - PCI,$514.99,"<div class=""quick-tech-spec"">
                    <div class=""quick-tech-spec-row"">
                        <div class=""quick-tech-spec-col"">
                            <ul>
                                    <li>QDA1</li>
                                    <li>PCIe 3.0 x8 low profile</li>
                            </ul>
                        </div>
                        <div class=""quick-tech-spec-col"">
                            <ul>
                                    <li>Network adapter</li>
                                    <li>40 Gigabit QSFP+ x 1</li>
                            </ul>
                        </div>
                    </div>
                </div>",MFG#: XL710QDA1BLK,,
https://webobjects2.cdw.com/is/image/CDW/3337553?$400x350$,Networking,CDW#: 3337553,Upgrade your systems performance with the NetApp NIC 4PT Copper PCIe -C.,NetApp 4-Ports 1Gb Ethernet NIC with PCIe Interface,Call,"<div class=""quick-tech-spec"">
                    <div class=""quick-tech-spec-row"">
                        <div class=""quick-tech-spec-col"">
                            <ul>
                                    <li> Gigabit Ethernet Card</li>
                                    <li>Plug-in Card</li>
                            </ul>
                        </div>
                        <div class=""quick-tech-spec-col"">
                            <ul>
                                    <li>4 Ports</li>
                                    <li>Twisted Pair</li>
                            </ul>
                        </div>
                    </div>
                </div>",MFG#: X1049C-R6-C,,
https://webobjects2.cdw.com/is/image/CDW/6740442?$400x350$,Networking,CDW#: 6740442,,NETAPP MEZZANINE 2-PORT 100GBE -C,Call,,MFG#: X1153-N-C,,
https://webobjects2.cdw.com/is/image/CDW/6990624?$400x350$,Networking,CDW#: 6990624,,DT RESEARCH UPGD LTEMP HEATPAD 301Y,$65.99,,MFG#: ULTHP-301Y,,
https://webobjects2.cdw.com/is/image/CDW/6990625?$400x350$,Networking,CDW#: 6990625,,DT RESEARCH UPGD LTEMP HEATPAD 311Y,$65.99,,MFG#: ULTHP-311Y,,
https://webobjects2.cdw.com/is/image/CDW/6990626?$400x350$,Networking,CDW#: 6990626,,DT RESEARCH UPGD LTEMP HEATPAD 313Y,$65.99,,MFG#: ULTHP-313Y,,
https://webobjects2.cdw.com/is/image/CDW/2856446?$400x350$,Networking,CDW#: 2856446,,Ciena RTU ONM Base for OME 6500 WSS Card,$493.99,"<div class=""quick-tech-spec"">
                    <div class=""quick-tech-spec-row"">
                        <div class=""quick-tech-spec-col"">
                            <ul>
                                    <li> For Ome 6500</li>
                            </ul>
                        </div>
                        <div class=""quick-tech-spec-col"">
                            <ul>
                            </ul>
                        </div>
                    </div>
                </div>",MFG#: NTNM70ET,,
https://webobjects2.cdw.com/is/image/CDW/3244879?$400x350$,Networking,CDW#: 3244879,The Cisco 3 Gbps Wideband Shared Port Adapter (SPA) is the high-density SPA which allows cable operators to offer high-speed broadband connectivity at high scale and to deliver IP video services with low capital expenditure. The Cisco 3 Gbps Wideband SPA provides dramatically increased density.,Cisco High Density Downstream Shared Port Adapter - expansion module,"$5,926.99","<div class=""quick-tech-spec"">
                    <div class=""quick-tech-spec-row"">
                        <div class=""quick-tech-spec-col"">
                            <ul>
                                    <li> Expansion module</li>
                            </ul>
                        </div>
                        <div class=""quick-tech-spec-col"">
                            <ul>
                                    <li>for uBR 10012</li>
                            </ul>
                        </div>
                    </div>
                </div>",MFG#: SPA-UBR10-DS-HD=,,
https://webobjects2.cdw.com/is/image/CDW/3330951?$400x350$,Networking,CDW#: 3330951,,Cisco Classic Interface Module - switch - 96 ports - plug-in module,"$5,531.99","<div class=""quick-tech-spec"">
                    <div class=""quick-tech-spec-row"">
                        <div class=""quick-tech-spec-col"">
                            <ul>
                                    <li> Switch</li>
                                    <li>plug-in module</li>
                                    <li>refurbished</li>
                                    <li>6503</li>
                                    <li>6509</li>
                            </ul>
                        </div>
                        <div class=""quick-tech-spec-col"">
                            <ul>
                                    <li>96 x 10/100</li>
                                    <li>PoE</li>
                                    <li>for Catalyst 6500</li>
                                    <li>6506</li>
                                    <li>6513</li>
                            </ul>
                        </div>
                    </div>
                </div>",MFG#: WS-X6196-21AF-RF,,
https://webobjects2.cdw.com/is/image/CDW/6871893?$400x350$,Networking,CDW#: 6871893,,IBM LP 16GB 4PT FIBER CHANNEL ADAPT,Call,,MFG#: 9080-M9S-EN1F,,
https://webobjects2.cdw.com/is/image/CDW/6935683?$400x350$,Networking,CDW#: 6935683,,IBM PCIE2 4-PORT COPPER SFP+RJ45,Call,,MFG#: 9009-41G-EN0U,,
https://webobjects2.cdw.com/is/image/CDW/3755253?$400x350$,Networking,CDW#: 3755253,,Aeroscout Kisses Wi-Fi Band 500 Pack,$204.99,"<div class=""quick-tech-spec"">
                    <div class=""quick-tech-spec-row"">
                        <div class=""quick-tech-spec-col"">
                            <ul>
                                    <li>Fi Band</li>
                            </ul>
                        </div>
                        <div class=""quick-tech-spec-col"">
                            <ul>
                                    <li>500 Pack</li>
                            </ul>
                        </div>
                    </div>
                </div>",MFG#: 816A7101,,
https://webobjects2.cdw.com/is/image/CDW/4395001?$400x350$,Networking,CDW#: 4395001,NetApp Converged network adapter - Expansion module - 16Gb Fiber Channel / 10Gb Ethernet SFP+ x 2 - factory integrated,NetApp IO Module 4PT CNA 10GbE 16GB FC,Call,"<div class=""quick-tech-spec"">
                    <div class=""quick-tech-spec-row"">
                        <div class=""quick-tech-spec-col"">
                            <ul>
                                    <li> Networking: 16Gb Fibre Channel / 10Gb Ethernet SFP+ x 2</li>
                                    <li>Miscellaneous: Factory integrated</li>
                            </ul>
                        </div>
                        <div class=""quick-tech-spec-col"">
                            <ul>
                                    <li>Expansion / Connectivity: 2 (total) / 2 (free) x SFP+</li>
                            </ul>
                        </div>
                    </div>
                </div>",MFG#: X91143A-C,,
https://webobjects2.cdw.com/is/image/CDW/4645551?$400x350$,Networking,CDW#: 4645551,"The Modular Interface Card, or MIC, plugs into the MPC to provide the physical interface for the MPC line module. Up to two MICs are supported per MPC.",Juniper Networks MX Series Modular Interface Card - expansion module - Modu,"$10,987.99","<div class=""quick-tech-spec"">
                    <div class=""quick-tech-spec-row"">
                        <div class=""quick-tech-spec-col"">
                            <ul>
                                    <li> Expansion module</li>
                                    <li>Gigabit Ethernet x 20</li>
                                    <li>MX480</li>
                            </ul>
                        </div>
                        <div class=""quick-tech-spec-col"">
                            <ul>
                                    <li>Modular Interface Card (MIC)</li>
                                    <li>for MX-series MX240</li>
                                    <li>MX960</li>
                            </ul>
                        </div>
                    </div>
                </div>",MFG#: MIC-3D-20GE-SFP-EH,,
https://webobjects2.cdw.com/is/image/CDW/4799978?$400x350$,Networking,CDW#: 4799978,The Broadcom NetXtreme Gigabit Ethernet Adapters are a family of high performance PCI Express adapters. The adapters are two ports and are supported on ThinkSystem and System x servers.,Lenovo ThinkSystem NetXtreme By Broadcom - network adapter - PCIe 2.0 x4 -,$176.99,"<div class=""quick-tech-spec"">
                    <div class=""quick-tech-spec-row"">
                        <div class=""quick-tech-spec-col"">
                            <ul>
                                    <li> Network adapter</li>
                                    <li>Gigabit Ethernet x 4</li>
                            </ul>
                        </div>
                        <div class=""quick-tech-spec-col"">
                            <ul>
                                    <li>PCIe 2.0 x4 low profile</li>
                                    <li>for ThinkAgile VX2330 Appliance; VX3330 Appliance; VX3530-G Appliance; VX7330-N Appliance</li>
                            </ul>
                        </div>
                    </div>
                </div>",MFG#: 7ZT7A00484,,
https://webobjects2.cdw.com/is/image/CDW/3618687?$400x350$,Networking,CDW#: 3618687,,Perle SPEED1 LE1P Express - parallel/serial adapter,$186.99,"<div class=""quick-tech-spec"">
                    <div class=""quick-tech-spec-row"">
                        <div class=""quick-tech-spec-col"">
                            <ul>
                                    <li> Parallel/serial adapter</li>
                                    <li>RS-232 x 1 + IEEE 1284 x 1</li>
                            </ul>
                        </div>
                        <div class=""quick-tech-spec-col"">
                            <ul>
                                    <li>PCIe low profile</li>
                            </ul>
                        </div>
                    </div>
                </div>",MFG#: 04003320,,
https://webobjects2.cdw.com/is/image/CDW/4244797?$400x350$,Networking,CDW#: 4244797,"The Intel Ethernet Converged Network Adapter X550is the newest innovation in Intel's leadership to dive 10GbE into the broad server market. This adapter hosts Intel's latest Ethernet silicon, the Intel Ethernet Controller X550, a low cost single-chip 10GBASE-T solution to today's server platform.",Intel Ethernet Converged Network Adapter X550-T1 - network adapter - PCIe 3,$383.99,"<div class=""quick-tech-spec"">
                    <div class=""quick-tech-spec-row"">
                        <div class=""quick-tech-spec-col"">
                            <ul>
                                    <li>T1</li>
                                    <li>PCIe 3.0 low profile</li>
                            </ul>
                        </div>
                        <div class=""quick-tech-spec-col"">
                            <ul>
                                    <li>Network adapter</li>
                                    <li>10Gb Ethernet x 1</li>
                            </ul>
                        </div>
                    </div>
                </div>",MFG#: X550T1,,
https://webobjects2.cdw.com/is/image/CDW/4309158?$400x350$,Networking,CDW#: 4309158,"Here’s a powerful and cost-effective solution for upgrading your server or workstation to 10 Gigabit Ethernet networking over copper. This PCI Express 10G NIC lets you add an Ethernet port to your server or desktop computerand access your network at multiple speeds: 10G, 5G, 2.5G 1G and 100Mbps.",StarTech.com 1-Port 10Gb PCIe Network Card - PCI Express - Intel Chip,$343.99,"<div class=""quick-tech-spec"">
                    <div class=""quick-tech-spec-row"">
                        <div class=""quick-tech-spec-col"">
                            <ul>
                                    <li>Upgrade your server or workstation to 10G networking over copper by adding a 10GBase-T/NBASE-T RJ45 port</li>
                                    <li>PCI Express</li>
                                    <li>Multi-speed 10G/5G/2.5G/1G/100Mbps network adapter card</li>
                                    <li>Features Intel Virtualization Technology for connectivity (Intel VT-c)</li>
                                    <li>Up to 15K jumbo frame support</li>
                            </ul>
                        </div>
                        <div class=""quick-tech-spec-col"">
                            <ul>
                                    <li>1-Port 10G Ethernet Network Card</li>
                                    <li>10GbE NIC w/ Intel X550-AT Chip</li>
                                    <li>One-port PCI Express 10 Gigabit NIC with Intel chip</li>
                                    <li>10Gb Ethernet server adapter with up to 20Gbps (full duplex) bandwidth</li>
                            </ul>
                        </div>
                    </div>
                </div>",MFG#: ST10000SPEXI,,"https://webobjects2.cdw.com/is/image/CDW/4309158a,https://webobjects2.cdw.com/is/image/CDW/4309158b,https://webobjects2.cdw.com/is/image/CDW/4309158c,https://webobjects2.cdw.com/is/image/CDW/4309158d"
https://webobjects2.cdw.com/is/image/CDW/4900762?$400x350$,Networking,CDW#: 4900762,The Nutanix NO Network Interface Card is a circuit board or card that is installed in a computer so that it can be connected to a network.,Nutanix NO Network Interface Card Selected,Call,"<div class=""quick-tech-spec"">
                    <div class=""quick-tech-spec-row"">
                        <div class=""quick-tech-spec-col"">
                            <ul>
                                    <li> Network Interface Card</li>
                            </ul>
                        </div>
                        <div class=""quick-tech-spec-col"">
                            <ul>
                            </ul>
                        </div>
                    </div>
                </div>",MFG#: C-NIC-NONE-CM,,
https://webobjects2.cdw.com/is/image/CDW/4857531?$400x350$,Networking,CDW#: 4857531,,HPE Nimble Storage 2-port Adapter Kit - network adapter - Gigabit Ethernet,"$1,694.99","<div class=""quick-tech-spec"">
                    <div class=""quick-tech-spec-row"">
                        <div class=""quick-tech-spec-col"">
                            <ul>
                                    <li>port Adapter Kit</li>
                                    <li>Gigabit Ethernet x 2</li>
                            </ul>
                        </div>
                        <div class=""quick-tech-spec-col"">
                            <ul>
                                    <li>Network adapter</li>
                            </ul>
                        </div>
                    </div>
                </div>",MFG#: Q8B84A,,
https://webobjects2.cdw.com/is/image/CDW/5099007?$400x350$,Networking,CDW#: 5099007,The ForcePoint Bypass RJ45 Module has four ports and uses Gigabit Ethernet data link protocol.,ForcePoint 4 Port Gigabit Ethernet Bypass RJ45 Module,"$1,879.99","<div class=""quick-tech-spec"">
                    <div class=""quick-tech-spec-row"">
                        <div class=""quick-tech-spec-col"">
                            <ul>
                                    <li> Ports Quantity: 4</li>
                            </ul>
                        </div>
                        <div class=""quick-tech-spec-col"">
                            <ul>
                                    <li>Data Link Protocol: Gigabit Ethernet</li>
                            </ul>
                        </div>
                    </div>
                </div>",MFG#: MOG4B-0-XX00-X-N,,
https://webobjects2.cdw.com/is/image/CDW/5272561?$400x350$,Networking,CDW#: 5272561,The Citrix ELA 6 ADC Adapter Module is a replacement unit that can be quickly and easily removed from an appliance and replaced by the user or a technician at the user's site.,Citrix ELA 6 ADC Field Replaceable Unit Adapter Module,$373.99,"<div class=""quick-tech-spec"">
                    <div class=""quick-tech-spec-row"">
                        <div class=""quick-tech-spec-col"">
                            <ul>
                                    <li> Field Replaceable Unit</li>
                            </ul>
                        </div>
                        <div class=""quick-tech-spec-col"">
                            <ul>
                                    <li>Analog-to-Digital Convertor</li>
                            </ul>
                        </div>
                    </div>
                </div>",MFG#: 3021627-E6,,
https://webobjects2.cdw.com/is/image/CDW/5284013?$400x350$,Networking,CDW#: 5284013,"Establish efficient connectivity between drives and networks with the HPE Nimble Storage Adapter Kit. This 4-port adapter kit is designed for the HPE HF20, HF20C, HF20H, HF40 and HF60 flash arrays.",HPE Nimble Storage 4-port Adapter Kit - network adapter,"$4,518.99","<div class=""quick-tech-spec"">
                    <div class=""quick-tech-spec-row"">
                        <div class=""quick-tech-spec-col"">
                            <ul>
                                    <li> Gigabit Ethernet x 4</li>
                                    <li>for Nimble Storage Adaptive Flash HF20</li>
                                    <li>AF40</li>
                                    <li>AF80</li>
                            </ul>
                        </div>
                        <div class=""quick-tech-spec-col"">
                            <ul>
                                    <li>factory integrated</li>
                                    <li>HF60; Nimble Storage All Flash AF20</li>
                                    <li>AF60</li>
                            </ul>
                        </div>
                    </div>
                </div>",MFG#: Q8C09B,,
https://webobjects2.cdw.com/is/image/CDW/4277651?$400x350$,Networking,CDW#: 4277651,"The Intel Ethernet Converged Network Adapter X550is the newest innovation in Intel's leadership to dive 10GbE into the broad server market. This adapter hosts Intel's latest Ethernet silicon, the Intel Ethernet Controller X550, a low cost single-chip 10GBASE-T solution to today's server platform.",Intel Ethernet Converged Network Adapter X550-T2 - network adapter - PCIe 3,$414.99,"<div class=""quick-tech-spec"">
                    <div class=""quick-tech-spec-row"">
                        <div class=""quick-tech-spec-col"">
                            <ul>
                                    <li>T2</li>
                                    <li>PCIe 3.0 low profile</li>
                            </ul>
                        </div>
                        <div class=""quick-tech-spec-col"">
                            <ul>
                                    <li>Network adapter</li>
                                    <li>10Gb Ethernet x 2</li>
                            </ul>
                        </div>
                    </div>
                </div>",MFG#: X550T2,,
https://webobjects2.cdw.com/is/image/CDW/5454653?$400x350$,Networking,CDW#: 5454653,"The Cisco UCS Virtual Interface Card (VIC) 1387 is a Cisco innovation. It provides a policy-based, stateless, agile server infrastructure for your data center. This dual-port Enhanced Quad Small Form-Factor Pluggable (QSFP) half-height PCI Express (PCIe) modular LAN-on-motherboard (mLOM) adapter is designed exclusively for Cisco UCS C-Series and C3160 Rack Servers. The card supports 40 Gigabit Ethernet and Fiber Channel over Ethernet (FCoE). It incorporates Cisco's next-generation converged network adapter (CNA) technology and offers a comprehensive feature set, providing investment protection for future feature software releases. The card can present more than 256 PCIe standards-compliant interfaces to the host, and these can be dynamically configured as either network interface cards (NICs) or host bus adapters (HBAs). In addition, the VIC supports Cisco Data Center Virtual Machine Fabric Extender (VM-FEX) technology. This technology extends the Cisco UCS fabric interconnect ports to virtual machines, simplifying server virtualization deployment.",Cisco UCS Virtual Interface Card 1387 - network adapter - 40 Gigabit QSFP x,"$1,159.99","<div class=""quick-tech-spec"">
                    <div class=""quick-tech-spec-row"">
                        <div class=""quick-tech-spec-col"">
                            <ul>
                                    <li> Network adapter</li>
                                    <li>for Hyperflex System HX240c M5</li>
                                    <li>SmartPlay HXAF240c M5</li>
                            </ul>
                        </div>
                        <div class=""quick-tech-spec-col"">
                            <ul>
                                    <li>40 Gigabit QSFP x 2</li>
                                    <li>HX-E-220; UCS Smart Play HX220c M5</li>
                            </ul>
                        </div>
                    </div>
                </div>",MFG#: HX-MLOM-C40Q-03=,,
https://webobjects2.cdw.com/is/image/CDW/5744479?$400x350$,Networking,CDW#: 5744479,"The Cisco UCS VIC 1455 is a quad-port Small Form-Factor Pluggable (SFP28) half-height PCIe card designed for the M5 generation of Cisco UCS C-Series Rack Servers. The card supports 10/25-Gbps Ethernet or FCoE. The card can present PCIe standards-compliant interfaces to the host, and these can be dynamically configured as either NICs or HBAs.",Cisco UCS Virtual Interface Card 1455 - network adapter - PCIe - 25 Gigabit,"$1,169.99","<div class=""quick-tech-spec"">
                    <div class=""quick-tech-spec-row"">
                        <div class=""quick-tech-spec-col"">
                            <ul>
                                    <li> Network adapter</li>
                                    <li>25 Gigabit SFP28 x 4</li>
                                    <li>SmartPlay HXAF240c M5</li>
                            </ul>
                        </div>
                        <div class=""quick-tech-spec-col"">
                            <ul>
                                    <li>PCIe</li>
                                    <li>for Hyperflex System HX220c M5; UCS Smart Play Select HX240c M5</li>
                            </ul>
                        </div>
                    </div>
                </div>",MFG#: HX-PCIE-C25Q-04=,,
https://webobjects2.cdw.com/is/image/CDW/6044696?$400x350$,Networking,CDW#: 6044696,Expand the utility of the Edgeline EL300 Converged Edge System with the HPE Edgeline Wi-Fi/BT Option Kit. This kit comes with a PCI express Half-Mini Card with Wi-Fi PCIe and Bluetooth USB interfaces to system. It includes two Wi-Fi antennas that attach to chassis.,HPE Edgeline Wi-Fi/BT Option Kit - network adapter - PCIe Half Mini Card,$84.99,"<div class=""quick-tech-spec"">
                    <div class=""quick-tech-spec-row"">
                        <div class=""quick-tech-spec-col"">
                            <ul>
                                    <li>Fi/BT Option Kit</li>
                                    <li>PCIe Half Mini Card</li>
                                    <li>Bluetooth 5.0</li>
                            </ul>
                        </div>
                        <div class=""quick-tech-spec-col"">
                            <ul>
                                    <li>Network adapter</li>
                                    <li>802.11ac</li>
                                    <li>for Edgeline EL300 Mini-ITX Converged Peripheral System</li>
                            </ul>
                        </div>
                    </div>
                </div>",MFG#: P06088-B21,,
https://webobjects2.cdw.com/is/image/CDW/6111388?$400x350$,Networking,CDW#: 6111388,The Citrix ADC Adapter Module to support select transceivers to be used with the ADC platform. This module is a field-replaceable unit.,Citrix NetScaler ADC FRU Adapter Module,$475.99,"<div class=""quick-tech-spec"">
                    <div class=""quick-tech-spec-row"">
                        <div class=""quick-tech-spec-col"">
                            <ul>
                                    <li>Adapter Module</li>
                            </ul>
                        </div>
                        <div class=""quick-tech-spec-col"">
                            <ul>
                            </ul>
                        </div>
                    </div>
                </div>",MFG#: 3021627-E3,,
https://webobjects2.cdw.com/is/image/CDW/4535789?$400x350$,Networking,CDW#: 4535789,"The X710-T4 adapter delivers four ports of wire-speed 10GbE over CAT6A cabling, and is backwards compatible to 1GbE and 100MB.",Intel Ethernet Converged Network Adapter X710-T4 - network adapter - PCIe 3,$661.99,"<div class=""quick-tech-spec"">
                    <div class=""quick-tech-spec-row"">
                        <div class=""quick-tech-spec-col"">
                            <ul>
                                    <li>T4</li>
                                    <li>PCIe 3.0 x8 low profile</li>
                            </ul>
                        </div>
                        <div class=""quick-tech-spec-col"">
                            <ul>
                                    <li>Network adapter</li>
                                    <li>10Gb Ethernet x 4</li>
                            </ul>
                        </div>
                    </div>
                </div>",MFG#: X710T4BLK,,
https://webobjects2.cdw.com/is/image/CDW/5351200?$400x350$,Networking,CDW#: 5351200,The McAfee Network Security 1 GE RJ45 Network Module features six Gigabit Ethernet ports.,McAfee Network Security 6 port 1 GE RJ45 Network Module - expansion module,"$11,679.99","<div class=""quick-tech-spec"">
                    <div class=""quick-tech-spec-row"">
                        <div class=""quick-tech-spec-col"">
                            <ul>
                                    <li> Gigabit Ethernet x 6</li>
                            </ul>
                        </div>
                        <div class=""quick-tech-spec-col"">
                            <ul>
                                    <li>Associate</li>
                            </ul>
                        </div>
                    </div>
                </div>",MFG#: IAC-6P1NET-MODA-cs,,
https://webobjects2.cdw.com/is/image/CDW/5590141?$400x350$,Networking,CDW#: 5590141,The RSA Enhanced Support Technical Support delivers superior remote assistance and access to RSA's global network of help centers for troubleshooting.,RSA Enhanced Support technical support - 1 month,$6.99,"<div class=""quick-tech-spec"">
                    <div class=""quick-tech-spec-row"">
                        <div class=""quick-tech-spec-col"">
                            <ul>
                                    <li> phone consulting</li>
                                    <li>24x7</li>
                            </ul>
                        </div>
                        <div class=""quick-tech-spec-col"">
                            <ul>
                                    <li>1 month</li>
                                    <li>response time: 1 h</li>
                            </ul>
                        </div>
                    </div>
                </div>",MFG#: NW-QP-1GB-LP-E1,,
https://webobjects2.cdw.com/is/image/CDW/6135434?$400x350$,Networking,CDW#: 6135434,The IBM Enable Second Port Grid Connection feature enables the second port of the dual port 1 Gb quad port 1Gb or dual port 10 Gb Grid Connection adapters.,IBM Enable Dual Port Grid Connection,Call,"<div class=""quick-tech-spec"">
                    <div class=""quick-tech-spec-row"">
                        <div class=""quick-tech-spec-col"">
                            <ul>
                                    <li> Dual Port</li>
                            </ul>
                        </div>
                        <div class=""quick-tech-spec-col"">
                            <ul>
                            </ul>
                        </div>
                    </div>
                </div>",MFG#: 3957-VED-1034,,
https://webobjects2.cdw.com/is/image/CDW/5370688?$400x350$,Networking,CDW#: 5370688,"The Cisco UCS VIC 1455 is a quad-port Small Form-Factor Pluggable (SFP28) half-height PCIe card designed for the M5 generation of Cisco UCS C-Series Rack Servers. The card supports 10/25-Gbps Ethernet or FCoE. The card can present PCIe standards-compliant interfaces to the host, and these can be dynamically configured as either NICs or HBAs.",Cisco UCS Virtual Interface Card 1455 - network adapter - PCIe - 25 Gigabit,"$1,763.99","<div class=""quick-tech-spec"">
                    <div class=""quick-tech-spec-row"">
                        <div class=""quick-tech-spec-col"">
                            <ul>
                                    <li> Network adapter</li>
                                    <li>25 Gigabit SFP28 x 4</li>
                            </ul>
                        </div>
                        <div class=""quick-tech-spec-col"">
                            <ul>
                                    <li>PCIe</li>
                            </ul>
                        </div>
                    </div>
                </div>",MFG#: APIC-PCIE-C25Q-04,,
https://webobjects2.cdw.com/is/image/CDW/6819638?$400x350$,Networking,CDW#: 6819638,The Unitrends Fiber Channel Adapter ensures efficient network connectivity between a compatible server and storage area network. It offers a storage capacity of 1 x 8 GB for various data and media requirements.,Unitrends 1x8GB Fiber Channel Adapter,"$1,452.99","<div class=""quick-tech-spec"">
                    <div class=""quick-tech-spec-row"">
                        <div class=""quick-tech-spec-col"">
                            <ul>
                                    <li>Storage Capacity: 1x8GB</li>
                            </ul>
                        </div>
                        <div class=""quick-tech-spec-col"">
                            <ul>
                            </ul>
                        </div>
                    </div>
                </div>",MFG#: G9-ADA-1X8FC-F-U,,
https://webobjects2.cdw.com/is/image/CDW/2520742?$400x350$,Networking,CDW#: 2520742,Product Type: SFP+,HP B-Series 16Gb SFP+SW Transceiver,$486.99,"<div class=""quick-tech-spec"">
                    <div class=""quick-tech-spec-row"">
                        <div class=""quick-tech-spec-col"">
                            <ul>
                                    <li> Interface Type: SFP+</li>
                            </ul>
                        </div>
                        <div class=""quick-tech-spec-col"">
                            <ul>
                                    <li>Data-rate: 16Gb Fibre Channel (Short Wave)</li>
                            </ul>
                        </div>
                    </div>
                </div>",MFG#: QK724A,,
https://webobjects2.cdw.com/is/image/CDW/3777348?$400x350$,Networking,CDW#: 3777348,,McAfee Active FailOpen Chassis - modular expansion base - Elite,"$1,098.99","<div class=""quick-tech-spec"">
                    <div class=""quick-tech-spec-row"">
                        <div class=""quick-tech-spec-col"">
                            <ul>
                                    <li> Modular expansion base</li>
                                    <li>GHE</li>
                                    <li>rack-mountable</li>
                            </ul>
                        </div>
                        <div class=""quick-tech-spec-col"">
                            <ul>
                                    <li>1U</li>
                                    <li>Elite</li>
                            </ul>
                        </div>
                    </div>
                </div>",MFG#: IAC-AFOCH-KT2L,,
https://webobjects2.cdw.com/is/image/CDW/6494501?$400x350$,Networking,CDW#: 6494501,Provide instant fiber connectivity for your networking gear with the Finisar SFP Transceiver. It is designed for use in 1 GB and 10 GB Ethernet links over multimode fiber.,Finisar 1Gbps SFP Transceiver,$108.99,"<div class=""quick-tech-spec"">
                    <div class=""quick-tech-spec-row"">
                        <div class=""quick-tech-spec-col"">
                            <ul>
                                    <li>Data Transfer Rate: 1Gbps</li>
                            </ul>
                        </div>
                        <div class=""quick-tech-spec-col"">
                            <ul>
                                    <li>Form Factor: SFP</li>
                            </ul>
                        </div>
                    </div>
                </div>",MFG#: FTEN2115P1NUN-BC,,
https://webobjects2.cdw.com/is/image/CDW/1550356?$400x350$,Networking,CDW#: 1550356,"The RocketPort EXPRESS Octa RJ45 is an eight port serial adapter that is compatible with systems that have x1, x4, x8, or x16 PCI Express expansion slots. The card is designed for standard and low-profile PCs and servers and ships with a low-profile and a standard-height bracket. The product provides support for software-selectable RS-232/422/485 serial communications and data transmission speeds up to 921 Kbps. Serial connections are made utilizing an external fan-out octacable with eight RJ45 connectors that is included with the product. All RocketPort EXPRESS products are European RoHS directive compliant.",Comtrol RocketPort EXPRESS Octacable RJ45 - serial adapter,$399.99,"<div class=""quick-tech-spec"">
                    <div class=""quick-tech-spec-row"">
                        <div class=""quick-tech-spec-col"">
                            <ul>
                                    <li> Serial adapter</li>
                                    <li>RS-232/422/485 x 8</li>
                            </ul>
                        </div>
                        <div class=""quick-tech-spec-col"">
                            <ul>
                                    <li>PCIe</li>
                            </ul>
                        </div>
                    </div>
                </div>",MFG#: 30130-1,,
https://webobjects2.cdw.com/is/image/CDW/6517801?$400x350$,Networking,CDW#: 6517801,"The RocketPort EXPRESS Quad/Octa bulk is a four or eight port serial adapter that is sold in packs of 50. The product is with systems that have x1, x4, x8, or x16 PCI Express expansion slots. The card is designed for standard and low-profile PCs and servers and ships with a low-profile and a standard-height bracket. The product provides support for software-selectable RS-232/422/485 serial communications and data transmission speeds up to 921 Kbps. Serial connections are made utilizing an external cable that is not included with the product.",Comtrol RocketPort EXPRESS Quad/Octa Bulk - serial adapter,$491.99,"<div class=""quick-tech-spec"">
                    <div class=""quick-tech-spec-row"">
                        <div class=""quick-tech-spec-col"">
                            <ul>
                                    <li> Serial adapter</li>
                                    <li>RS-232/422/485 (pack of 50)</li>
                            </ul>
                        </div>
                        <div class=""quick-tech-spec-col"">
                            <ul>
                                    <li>PCIe</li>
                            </ul>
                        </div>
                    </div>
                </div>",MFG#: 30131-8,,
https://webobjects2.cdw.com/is/image/CDW/1514044?$400x350$,Networking,CDW#: 1514044,"Cisco 1-Port 10 Gigabit Ethernet Shared Port Adapter is available on high-end Cisco routing platforms, offering the benefits of network scalability with lower initial costs and ease of upgrades. The Cisco SPA/SIP portfolio continues the company's focus on investment protection along with consistent feature support, broad interface availability, and the latest technology.","Cisco 1-Port 10 Gigabit Ethernet Shared Port Adapter, Version 2 - expansion","$8,525.99","<div class=""quick-tech-spec"">
                    <div class=""quick-tech-spec-row"">
                        <div class=""quick-tech-spec-col"">
                            <ul>
                                    <li>Port 10 Gigabit Ethernet Shared Port Adapter</li>
                                    <li>Expansion module</li>
                                    <li>for Cisco 12XXX</li>
                                    <li>7604</li>
                                    <li>7609</li>
                            </ul>
                        </div>
                        <div class=""quick-tech-spec-col"">
                            <ul>
                                    <li>Version 2</li>
                                    <li>10 GigE</li>
                                    <li>7603</li>
                                    <li>7606</li>
                                    <li>7613; XR 12XXX</li>
                            </ul>
                        </div>
                    </div>
                </div>",MFG#: SPA-1X10GE-L-V2,,
https://webobjects2.cdw.com/is/image/CDW/1510042?$400x350$,Networking,CDW#: 1510042,"Cisco is the worldwide leader in networking for the Internet. Cisco provides the broadest line of solutions for transporting data, voice and video within buildings, across campuses, or around the world. Cisco solutions ensure that networks both public and private operate with maximum performance, security, and flexibility.",Cisco 8-Port OC-3c/STM-1c POS Shared Port Adapter - expansion module - 8 po,"$45,513.99","<div class=""quick-tech-spec"">
                    <div class=""quick-tech-spec-row"">
                        <div class=""quick-tech-spec-col"">
                            <ul>
                                    <li>Port OC-3c/STM-1c POS Shared Port Adapter</li>
                                    <li>HDLC</li>
                                    <li>SONET/SDH</li>
                                    <li>8 ports</li>
                                    <li>for P/N: ASR1001X-AIS-AX</li>
                                    <li>C1-ASR1001-X/K9</li>
                            </ul>
                        </div>
                        <div class=""quick-tech-spec-col"">
                            <ul>
                                    <li>Expansion module</li>
                                    <li>Frame Relay</li>
                                    <li>POS</li>
                                    <li>OC-3c/STM-1c</li>
                                    <li>ASR1002X-36G-K9-RF</li>
                                    <li>C1-ASR1002-X/K9</li>
                            </ul>
                        </div>
                    </div>
                </div>",MFG#: SPA-8XOC3-POS,,
https://webobjects2.cdw.com/is/image/CDW/6520322?$400x350$,Networking,CDW#: 6520322,"Improve application efficiency and network performance with innovative and versatile capabilities that optimize high-performance server workloads such as NFV, storage, HPC-AI and hybrid cloud. E810-CQDA1 adapters support a wide range of system configurations to meet customer needs and workload requirements. The many port and speed combinations available simplify validation and deployment.",Intel Ethernet Network Adapter E810-CQDA1 - network adapter - PCIe 4.0 x16,$829.99,"<div class=""quick-tech-spec"">
                    <div class=""quick-tech-spec-row"">
                        <div class=""quick-tech-spec-col"">
                            <ul>
                                    <li>CQDA1</li>
                                    <li>PCIe 4.0 x16 low profile</li>
                            </ul>
                        </div>
                        <div class=""quick-tech-spec-col"">
                            <ul>
                                    <li>Network adapter</li>
                                    <li>QSFP28 x 1</li>
                            </ul>
                        </div>
                    </div>
                </div>",MFG#: E810CQDA1,,
https://webobjects2.cdw.com/is/image/CDW/1583682?$400x350$,Networking,CDW#: 1583682,"Cisco 1-Port 10 Gigabit Ethernet Shared Port Adapter is available on high-end Cisco routing platforms, offering the benefits of network scalability with lower initial costs and ease of upgrades. The Cisco SPA/SIP portfolio continues the company's focus on investment protection along with consistent feature support, broad interface availability, and the latest technology.","Cisco 1-Port 10 Gigabit Ethernet Shared Port Adapter, Version 2 - expansion","$8,858.99","<div class=""quick-tech-spec"">
                    <div class=""quick-tech-spec-row"">
                        <div class=""quick-tech-spec-col"">
                            <ul>
                                    <li>Port 10 Gigabit Ethernet Shared Port Adapter</li>
                                    <li>Expansion module</li>
                                    <li>for P/N: 7600-SIP-600-RF</li>
                                    <li>ASR1000-SIP10-BUN</li>
                                    <li>CRS1-SIP-800-RF</li>
                            </ul>
                        </div>
                        <div class=""quick-tech-spec-col"">
                            <ul>
                                    <li>Version 2</li>
                                    <li>10 GigE</li>
                                    <li>ASR1000-SIP10=</li>
                                    <li>ASR1000-SIP10-RF</li>
                            </ul>
                        </div>
                    </div>
                </div>",MFG#: SPA-1X10GE-L-V2=,,
https://webobjects2.cdw.com/is/image/CDW/6450737?$400x350$,Networking,CDW#: 6450737,The ClearCube Technology Fiber ZERO+ Client delivers full desktop quality computing experience via an IP connection to Blade PCs or VMware Horizon desktops. It has an integrated smart card reader for secure authentication and data transmission.,ClearCube Technology Fiber ZERO+ Client with Smart Card Reader,$898.99,"<div class=""quick-tech-spec"">
                    <div class=""quick-tech-spec-row"">
                        <div class=""quick-tech-spec-col"">
                            <ul>
                                    <li>Integrated Smart Card Reader for Secure Authentication and Data Transmission</li>
                                    <li>Soldered Down eMMc Improves Data and Hardware Security</li>
                            </ul>
                        </div>
                        <div class=""quick-tech-spec-col"">
                            <ul>
                                    <li>Delivers Full Desktop Quality Computing Experience</li>
                            </ul>
                        </div>
                    </div>
                </div>",MFG#: CD7024,,"https://webobjects2.cdw.com/is/image/CDW/6450737a,https://webobjects2.cdw.com/is/image/CDW/6450737b"
https://webobjects2.cdw.com/is/image/CDW/6634581?$400x350$,Networking,CDW#: 6634581,"The Cisco UCS VIC 1455 is a quad-port Small Form-Factor Pluggable (SFP28) half-height PCIe card designed for the M5 generation of Cisco UCS C-Series Rack Servers. The card supports 10/25-Gbps Ethernet or FCoE. The card can present PCIe standards-compliant interfaces to the host, and these can be dynamically configured as either NICs or HBAs.",Cisco UCS Virtual Interface Card 1455 - network adapter - PCIe - 25 Gigabit,$748.99,"<div class=""quick-tech-spec"">
                    <div class=""quick-tech-spec-row"">
                        <div class=""quick-tech-spec-col"">
                            <ul>
                                    <li> Network adapter</li>
                                    <li>25 Gigabit SFP28 x 4</li>
                                    <li>for UCS C125 M5</li>
                                    <li>C240 M5L</li>
                                    <li>C480</li>
                                    <li>SmartPlay Select C240 M5SX</li>
                            </ul>
                        </div>
                        <div class=""quick-tech-spec-col"">
                            <ul>
                                    <li>PCIe</li>
                                    <li>remanufactured</li>
                                    <li>C240 M5</li>
                                    <li>C4200</li>
                                    <li>S3260</li>
                            </ul>
                        </div>
                    </div>
                </div>",MFG#: UCSC-PCIEC25Q04-RF,,
https://webobjects2.cdw.com/is/image/CDW/6623537?$400x350$,Networking,CDW#: 6623537,"The Cisco UCS Virtual Interface Card (VIC) 1400 series extends the network fabric directly to both servers and virtual machines so that a single connectivity mechanism can be used to connect both physical and virtual servers with the same level of visibility and control. Cisco VICs provide complete programmability of the Cisco UCS I/O infrastructure, with the number and type of I/O interfaces configurable with a zero-touch model. The Cisco UCS VIC 1467 is a quad-port, small form-factor, pluggable mLOM card designed for the M6 generation of Cisco UCS C-series rack servers. The card supports 10/25Gbps Ethernet or FCoE. The card can present PCIe standards-compliant interfaces to the host, and these can be dynamically configured as either NICs or HBA.",Cisco UCS Virtual Interface Card 1477 - network adapter - PCIe 3.0 x16 - 40,"$1,376.99","<div class=""quick-tech-spec"">
                    <div class=""quick-tech-spec-row"">
                        <div class=""quick-tech-spec-col"">
                            <ul>
                                    <li> Network adapter</li>
                                    <li>40Gb Ethernet / 100Gb Ethernet QSFP28 x 2</li>
                                    <li>UCSC-C225-M6S=</li>
                                    <li>UCSC-C240-M6S=</li>
                            </ul>
                        </div>
                        <div class=""quick-tech-spec-col"">
                            <ul>
                                    <li>PCIe 3.0 x16</li>
                                    <li>for P/N: UCSC-C220-M6N=</li>
                                    <li>UCSC-C240-M6N=</li>
                                    <li>UCSC-C245-M6SX=</li>
                            </ul>
                        </div>
                    </div>
                </div>",MFG#: UCSC-M-V100-04,,
https://webobjects2.cdw.com/is/image/CDW/6541182?$400x350$,Networking,CDW#: 6541182,"The Cisco VIC 1497 dual-port card can present PCIe standards-compliant interfaces to the host, and these can be dynamically configured as NICs or HBAs.",Cisco UCS Virtual Interface Card 1497 - network adapter - PCIe 3.0 x16 - 10,"$1,371.99","<div class=""quick-tech-spec"">
                    <div class=""quick-tech-spec-row"">
                        <div class=""quick-tech-spec-col"">
                            <ul>
                                    <li> Network adapter</li>
                                    <li>100 Gigabit QSFP28 / 40 Gigabit QSFP28 x 2</li>
                                    <li>C240 M5</li>
                                    <li>SmartPlay Select C220 M5SX</li>
                            </ul>
                        </div>
                        <div class=""quick-tech-spec-col"">
                            <ul>
                                    <li>PCIe 3.0 x16</li>
                                    <li>for UCS C220 M5</li>
                                    <li>C240 M5L</li>
                                    <li>SmartPlay Select C240 M5SX</li>
                            </ul>
                        </div>
                    </div>
                </div>",MFG#: UCSC-MLOM-C100-04=,,
https://webobjects2.cdw.com/is/image/CDW/6523906?$400x350$,Networking,CDW#: 6523906,Connect a computer to a data network using this Tanium Medium Fiber Network Interface Card.,Tanium Medium Fiber Network Interface Card,Call,"<div class=""quick-tech-spec"">
                    <div class=""quick-tech-spec-row"">
                        <div class=""quick-tech-spec-col"">
                            <ul>
                                    <li>Medium Fiber</li>
                            </ul>
                        </div>
                        <div class=""quick-tech-spec-col"">
                            <ul>
                            </ul>
                        </div>
                    </div>
                </div>",MFG#: TAN-M-435-FB,,
https://webobjects2.cdw.com/is/image/CDW/6662304?$400x350$,Networking,CDW#: 6662304,The Intel Gigabit Ethernet Network Adapter is ideal for connecting a compatible server to your network. This plug-in card offers a data transfer rate of 25 Gb/s.,Intel Ethernet Network Adapter XXV710-DA2 - network adapter - PCIe 3.0 x8 -,$931.99,"<div class=""quick-tech-spec"">
                    <div class=""quick-tech-spec-row"">
                        <div class=""quick-tech-spec-col"">
                            <ul>
                                    <li>DA2</li>
                                    <li>PCIe 3.0 x8 low profile</li>
                            </ul>
                        </div>
                        <div class=""quick-tech-spec-col"">
                            <ul>
                                    <li>Network adapter</li>
                                    <li>25 Gigabit SFP28 x 2</li>
                            </ul>
                        </div>
                    </div>
                </div>",MFG#: XXV710DA2TLG1P5,,
https://webobjects2.cdw.com/is/image/CDW/6750805?$400x350$,Networking,CDW#: 6750805,"Axiom SFP transceiver modules are 100% compatible in all OEM applications. They are pre-configured with an application specific code to meet the requirement set forth by the router and switch OEMs. Axiom compatible transceivers perform, fit and function identically when compared to ""original"" transceivers. Axiom brand transceivers also function with other brands within the same network.",Axiom MOXA SFP-1GZXLC Compatible - SFP (mini-GBIC) transceiver module - Gig,$251.99,"<div class=""quick-tech-spec"">
                    <div class=""quick-tech-spec-row"">
                        <div class=""quick-tech-spec-col"">
                            <ul>
                                    <li>1GZXLC Compatible</li>
                                    <li>GigE</li>
                                    <li>LC single-mode</li>
                                    <li>1550 nm</li>
                            </ul>
                        </div>
                        <div class=""quick-tech-spec-col"">
                            <ul>
                                    <li>SFP (mini-GBIC) transceiver module (equivalent to: Moxa SFP-1GZXLC)</li>
                                    <li>1000Base-ZX</li>
                                    <li>up to 49.7 miles</li>
                            </ul>
                        </div>
                    </div>
                </div>",MFG#: SFP-1GZXLC,,
https://webobjects2.cdw.com/is/image/CDW/6758697?$400x350$,Networking,CDW#: 6758697,"The Cisco UCS Virtual Interface Card (VIC) 1400 series extends the network fabric directly to both servers and virtual machines so that a single connectivity mechanism can be used to connect both physical and virtual servers with the same level of visibility and control. Cisco VICs provide complete programmability of the Cisco UCS I/O infrastructure, with the number and type of I/O interfaces configurable with a zero-touch model. The Cisco UCS VIC 1467 is a quad-port, small form-factor, pluggable mLOM card designed for the M6 generation of Cisco UCS C-series rack servers. The card supports 10/25Gbps Ethernet or FCoE. The card can present PCIe standards-compliant interfaces to the host, and these can be dynamically configured as either NICs or HBA.",Cisco UCS Virtual Interface Card 1477 - network adapter - PCIe 3.0 x16 - 40,"$1,376.99","<div class=""quick-tech-spec"">
                    <div class=""quick-tech-spec-row"">
                        <div class=""quick-tech-spec-col"">
                            <ul>
                                    <li> Network adapter</li>
                                    <li>40Gb Ethernet / 100Gb Ethernet QSFP28 x 2</li>
                                    <li>UCSC-C225-M6S=</li>
                            </ul>
                        </div>
                        <div class=""quick-tech-spec-col"">
                            <ul>
                                    <li>PCIe 3.0 x16</li>
                                    <li>for P/N: UCSC-C220-M6S=</li>
                                    <li>UCSC-C240-M6L-BR</li>
                            </ul>
                        </div>
                    </div>
                </div>",MFG#: UCSC-M-V100-04=,,
https://webobjects2.cdw.com/is/image/CDW/2271214?$400x350$,Networking,CDW#: 2271214,"This Cisco DS-SFP-FC8G-LW compatible SFP+ transceiver provides 2/4/8Gbs Fibre Channel-LW throughput up to 10km over single-mode fiber (SMF) at a wavelength of 1310nm using a LC connector. It is guaranteed to be 100% compatible with the equivalent Cisco transceiver. This easy to install, hot swappable transceiver has been programmed, uniquely serialized and data-traffic and application tested to ensure that it will initialize and perform identically. It is built to meet or exceed the specifications of Cisco, as well as to comply with MSA (Multi-Source Agreement) standards to ensure seamless network integration. All of our transceivers are Trade Agreements Act (TAA) compliant.",Proline 8GB FIBER CHANNEL SFP+ SMF F/CISCO 1310NM 10KM LC 100% COMPATIBLE,$459.99,"<div class=""quick-tech-spec"">
                    <div class=""quick-tech-spec-row"">
                        <div class=""quick-tech-spec-col"">
                            <ul>
                                    <li> 8Gb Fibre Channel (LW)</li>
                                    <li>for Cisco MDS 9509 Fibre Channel Director</li>
                                    <li>9513 Multilayer Director</li>
                            </ul>
                        </div>
                        <div class=""quick-tech-spec-col"">
                            <ul>
                                    <li>LC</li>
                                    <li>9509 Multilayer Director</li>
                            </ul>
                        </div>
                    </div>
                </div>",MFG#: DS-SFP-FC8G-LW-CDW,,"https://webobjects2.cdw.com/is/image/CDW/2271214a,https://webobjects2.cdw.com/is/image/CDW/2271214b,https://webobjects2.cdw.com/is/image/CDW/2271214c,https://webobjects2.cdw.com/is/image/CDW/2271214d,https://webobjects2.cdw.com/is/image/CDW/2271214e"
https://webobjects2.cdw.com/is/image/CDW/2437623?$400x350$,Networking,CDW#: 2437623,"Add two RS422/485 serial ports through a standard or low profile PCI expansion slot. The PCI2S4851050 2-Port PCI Serial Adapter Card (RS422/RS485) with 161050 UART adds two DB9 RS422/RS485 serial ports, using a single PCI expansion slot.",StarTech.com 2 Port PCI RS422/485 Serial Adapter Card with 161050 UART,$97.99,"<div class=""quick-tech-spec"">
                    <div class=""quick-tech-spec-row"">
                        <div class=""quick-tech-spec-col"">
                            <ul>
                                    <li>Add two RS422/485 serial ports through a standard or low profile PCI expansion slot</li>
                                    <li>PCI serial card supports maximum data transmission rate of 128Kbps</li>
                                    <li>rs485 serial card</li>
                                    <li>2 port rs422 pci card</li>
                            </ul>
                        </div>
                        <div class=""quick-tech-spec-col"">
                            <ul>
                                    <li>2 Port PCI RS422/485 Serial Adapter Card with 161050 UART</li>
                                    <li>rs422 serial card</li>
                                    <li>dual port serial card</li>
                                    <li>PCI serial expansion card supports both 2-wire and 4-wire RS485 modes</li>
                            </ul>
                        </div>
                    </div>
                </div>",MFG#: PCI2S4851050,,"https://webobjects2.cdw.com/is/image/CDW/2437623a,https://webobjects2.cdw.com/is/image/CDW/2437623b,https://webobjects2.cdw.com/is/image/CDW/2437623c,https://webobjects2.cdw.com/is/image/CDW/2437623d,https://webobjects2.cdw.com/is/image/CDW/2437623e"
https://webobjects2.cdw.com/is/image/CDW/2579204?$400x350$,Networking,CDW#: 2579204,"Convert a Mini PCI Express Card into a Standard Desktop PCI Express Card. The PEX2MPEX PCI Express to Mini PCI Express Adapter Card enables Mini PCI Express cards (Mini Cards) to be used in a standard PCI Express card slot. These PCIe Mini Cards, which are typically designed for laptops or small form factor ITX computers, can be used normally inside more conventional desktop computers. The adapter card features a complete PCIe to Mini PCIe pass-through design that eliminates data transfer rate bottlenecks, while the included full and low profile installation brackets makes this adapter card compatible with most computer chassis.",StarTech.com PCI Express to Mini PCI Express Card Adapter,$38.99,"<div class=""quick-tech-spec"">
                    <div class=""quick-tech-spec-row"">
                        <div class=""quick-tech-spec-col"">
                            <ul>
                                    <li>Mini PCI card adapter</li>
                            </ul>
                        </div>
                        <div class=""quick-tech-spec-col"">
                            <ul>
                                    <li>PCIe</li>
                            </ul>
                        </div>
                    </div>
                </div>",MFG#: PEX2MPEX,,"https://webobjects2.cdw.com/is/image/CDW/2579204a,https://webobjects2.cdw.com/is/image/CDW/2579204b,https://webobjects2.cdw.com/is/image/CDW/2579204c,https://webobjects2.cdw.com/is/image/CDW/2579204d,https://webobjects2.cdw.com/is/image/CDW/2579204e,https://webobjects2.cdw.com/is/image/CDW/2579204f"
https://webobjects2.cdw.com/is/image/CDW/2633660?$400x350$,Networking,CDW#: 2633660,"Add Bluetooth 2.0 with EDR capabilities to a computer, through USB. The USBBT1EDR2 USB to Class 1 Bluetooth Adapter with EDR is a micro-sized adapter that adds Bluetooth capabilities to a computer through an available USB port. This makes it possible to connect to devices wirelessly, at ranges up to 100m (328ft), with minimal power consumption. The USB-Bluetooth Adapter supports the Bluetooth v2.1 specification, along with Enhanced Data Rate (EDR), for transfer rates up to 3 Mbps. The adapter uses a small form factor design that makes it conveniently portable and unobtrusive, when connected to a computer.",StarTech.com Mini USB Bluetooth Wireless Adapter Dongle Class 1 EDR 328ft,$19.99,"<div class=""quick-tech-spec"">
                    <div class=""quick-tech-spec-row"">
                        <div class=""quick-tech-spec-col"">
                            <ul>
                                    <li>Add Bluetooth 2.0 with EDR capabilities to your computer through USB</li>
                                    <li>Class 1 EDR Wireless Network Adapter</li>
                                    <li>Mini USB Bluetooth wireless adapter with support for Enhanced Data Rate (data transfer rates up to 3 Mbps)</li>
                                    <li>Wireless network adapter with ultra-compact form factor</li>
                            </ul>
                        </div>
                        <div class=""quick-tech-spec-col"">
                            <ul>
                                    <li>Mini USB Bluetooth 2.1 Adapter</li>
                                    <li>Bluetooth v2.1 + EDR compliant</li>
                                    <li>Class 1 device with 100m (328ft) effective range</li>
                            </ul>
                        </div>
                    </div>
                </div>",MFG#: USBBT1EDR2,,https://webobjects2.cdw.com/is/image/CDW/2633660a
https://webobjects2.cdw.com/is/image/CDW/6894167?$400x350$,Networking,CDW#: 6894167,"The SIIG USB 3.0 to HDMI/DVI Video Adapter Pro is designed to add ultra-low latency HDMI or DVI display to your USB-enabled computer. It features 10-inches pigtail cables that give you the flexibility to connect an HDTV, monitor or projector to your USB-enabled devices.",SIIG USB 3.0 to HDMI/DVI Video Adapter Pro - video adapter kit - HDMI / DVI,$73.99,"<div class=""quick-tech-spec"">
                    <div class=""quick-tech-spec-row"">
                        <div class=""quick-tech-spec-col"">
                            <ul>
                                    <li> Video adapter kit</li>
                                    <li>1080p support 60Hz</li>
                            </ul>
                        </div>
                        <div class=""quick-tech-spec-col"">
                            <ul>
                                    <li>black</li>
                            </ul>
                        </div>
                    </div>
                </div>",MFG#: JU-H30H11-S1,,
https://webobjects2.cdw.com/is/image/CDW/6800840?$400x350$,Networking,CDW#: 6800840,"The Cisco UCS VIC 1455 is a quad-port Small Form-Factor Pluggable (SFP28) half-height PCIe card designed for the M5 generation of Cisco UCS C-Series Rack Servers. The card supports 10/25-Gbps Ethernet or FCoE. The card can present PCIe standards-compliant interfaces to the host, and these can be dynamically configured as either NICs or HBAs.",Cisco UCS Virtual Interface Card 1455 - network adapter - PCIe - 25 Gigabit,"$1,353.99","<div class=""quick-tech-spec"">
                    <div class=""quick-tech-spec-row"">
                        <div class=""quick-tech-spec-col"">
                            <ul>
                                    <li> Network adapter</li>
                                    <li>25 Gigabit SFP28 x 4</li>
                                    <li>C240 M5</li>
                                    <li>C4200</li>
                                    <li>S3260</li>
                            </ul>
                        </div>
                        <div class=""quick-tech-spec-col"">
                            <ul>
                                    <li>PCIe</li>
                                    <li>for UCS C125 M5</li>
                                    <li>C240 M5L</li>
                                    <li>C480</li>
                                    <li>SmartPlay Select C240 M5SX</li>
                            </ul>
                        </div>
                    </div>
                </div>",MFG#: UCSC-PCIE-C25Q-04=,,"https://webobjects2.cdw.com/is/image/CDW/6800840a,https://webobjects2.cdw.com/is/image/CDW/6800840b,https://webobjects2.cdw.com/is/image/CDW/6800840c"
https://webobjects2.cdw.com/is/image/CDW/6847550?$400x350$,Networking,CDW#: 6847550,"This one-port PCI-E network adapter is built to scale with your network and remains compatible even if you upgrade your operating systems. The LC connectors make it ideal for use in densely populated racks. This fiber network adapter is well suited for industrial applications and other electronically noisy areas, as well as secure government networks.","Black Box Gigabit ETH Network Interface Card PCI-E, MM, 1000BASE-SX, LC",$249.99,"<div class=""quick-tech-spec"">
                    <div class=""quick-tech-spec-row"">
                        <div class=""quick-tech-spec-col"">
                            <ul>
                                    <li>Compatible with many operating systems</li>
                                    <li>Supports 802.1P/Q VLAN tag</li>
                                    <li>PCI-E (Rev. 1.1 compliant) interface installs easily in a PCIe x1 slot</li>
                                    <li>Jumbo frame support for packet-heavy network traffic</li>
                            </ul>
                        </div>
                        <div class=""quick-tech-spec-col"">
                            <ul>
                                    <li>LC connectors for attaching multimode 850nm 550m fiber with 220m range</li>
                                    <li>IP multicast filter to conserve bandwidth</li>
                                    <li>IEEE 802.3x full-duplex flow control</li>
                                    <li>RealTek RTL8168 chipset</li>
                            </ul>
                        </div>
                    </div>
                </div>",MFG#: LH1690C-LC-R3,,"https://webobjects2.cdw.com/is/image/CDW/6847550a,https://webobjects2.cdw.com/is/image/CDW/6847550b"
https://webobjects2.cdw.com/is/image/CDW/6878493?$400x350$,Networking,CDW#: 6878493,"Most companies are not replacing their equipment - they are updating the way they talk to it. Digi Connect EZ modernizes operational infrastructure with expanded network connectivity and functionality for today's applications. It is designed to meet the demands of a wide range of critical serial applications including connecting to automation, robotics control, centralized device management, data acquisition and point-of-sale equipment.",Digi Connect EZ 2 - device server,$423.99,"<div class=""quick-tech-spec"">
                    <div class=""quick-tech-spec-row"">
                        <div class=""quick-tech-spec-col"">
                            <ul>
                                    <li> Device server</li>
                                    <li>GigE</li>
                                    <li>RS-422</li>
                            </ul>
                        </div>
                        <div class=""quick-tech-spec-col"">
                            <ul>
                                    <li>2 ports</li>
                                    <li>RS-232</li>
                                    <li>RS-485</li>
                            </ul>
                        </div>
                    </div>
                </div>",MFG#: EZ02-CA00-GLB,,"https://webobjects2.cdw.com/is/image/CDW/6878493a,https://webobjects2.cdw.com/is/image/CDW/6878493b"
https://webobjects2.cdw.com/is/image/CDW/7020985?$400x350$,Networking,CDW#: 7020985,"Add serial communication support to your desktop computer or Small Form Factor (SFF) system, using this serial card. RS-232 (DB9) support enables control and communication with a serial peripheral device.","StarTech.com 1-Prt PCI Express Serial Card, PCIe to RS232 DB9, 16C1050 UART",$61.99,"<div class=""quick-tech-spec"">
                    <div class=""quick-tech-spec-row"">
                        <div class=""quick-tech-spec-col"">
                            <ul>
                                    <li>Connect a serial RS232 (DB9) device using this PC Serial Card. Supports 16C1050 UART. LED status lights to monitor activity on the PCI express DB9 card</li>
                                    <li>This card is ideal for IT applications e.g. server rooms/industrial control/automation/logis- tics/labs. Continue using legacy hardware with this RS232 PCIe car</li>
                            </ul>
                        </div>
                        <div class=""quick-tech-spec-col"">
                            <ul>
                                    <li>Use this serial interface card to connect barcode readers/receipt printers/scales PLCs/medical devices. The UART PCIe card can supply 5V or 12V over pin 9. Low profile bracket included</li>
                            </ul>
                        </div>
                    </div>
                </div>",MFG#: 11050-PC-SERIAL-CARD,,"https://webobjects2.cdw.com/is/image/CDW/7020985a,https://webobjects2.cdw.com/is/image/CDW/7020985b,https://webobjects2.cdw.com/is/image/CDW/7020985c,https://webobjects2.cdw.com/is/image/CDW/7020985d,https://webobjects2.cdw.com/is/image/CDW/7020985e,https://webobjects2.cdw.com/is/image/CDW/7020985f,https://webobjects2.cdw.com/is/image/CDW/7020985g,https://webobjects2.cdw.com/is/image/CDW/7020985h,https://webobjects2.cdw.com/is/image/CDW/7020985i"
https://webobjects2.cdw.com/is/image/CDW/765798?$400x350$,Networking,CDW#: 765798,"This 802.11g Wireless USB LAN adapter can be installed in any available USB port for access to an 802.11g Wireless LAN or peer-to-peer Ad Hoc connections with other 802.11g wireless adapters. The USB Wireless LAN adapter features enhanced 64/128-bit WEP and WPA data encryption for added security, as well as an auto-fallback feature that dynamically adjusts transfer rates according to signal strength, ensuring reliable transmissions at up to 54 Mbps. The USB 802.11g adapter is compact and lightweight and is plug and play ready for any laptop or desktop USB port.",StarTech.com USB Wireless Network Adapter - network adapter - USB,$15.99,"<div class=""quick-tech-spec"">
                    <div class=""quick-tech-spec-row"">
                        <div class=""quick-tech-spec-col"">
                            <ul>
                                    <li> Network adapter</li>
                                    <li>802.11b/g</li>
                                    <li>4</li>
                            </ul>
                        </div>
                        <div class=""quick-tech-spec-col"">
                            <ul>
                                    <li>USB</li>
                                    <li>for StarTech.com 3</li>
                            </ul>
                        </div>
                    </div>
                </div>",MFG#: USB555WG,,"https://webobjects2.cdw.com/is/image/CDW/765798a,https://webobjects2.cdw.com/is/image/CDW/765798b"
https://webobjects2.cdw.com/is/image/CDW/1316664?$400x350$,Networking,CDW#: 1316664,The next generation RocketPort 8-Port Surge Interface has eight DB9M connections that can be configured for RS-232/422/485 serial communications at speeds-up-to 460Kbps. The surge interface provides 25KV surge protection on the serial ports. The interface also contains an additional connection for the host interface cable.,Comtrol RocketPort serial panel,$379.99,"<div class=""quick-tech-spec"">
                    <div class=""quick-tech-spec-row"">
                        <div class=""quick-tech-spec-col"">
                            <ul>
                                    <li> Serial panel</li>
                            </ul>
                        </div>
                        <div class=""quick-tech-spec-col"">
                            <ul>
                                    <li>DB-9 (M)</li>
                            </ul>
                        </div>
                    </div>
                </div>",MFG#: 30045-8,,
https://webobjects2.cdw.com/is/image/CDW/4176587?$400x350$,Networking,CDW#: 4176587,"The high-performance PCE-1G-01-LP 1-Port Gigabit Ethernet PCI Express Card adds a 10/100/1000 Mbps network card and RJ45 Ethernet port to your computer or server. By adding the PCE-1G-01-LP to a computer with either no networking capabilities or 10/100 Ethernet, you can upgrade to Gigabit Ethernet capability without having to buy a new computer. It supports 10/100/1000 Mbps data rate auto-negotiation.",Tripp Lite 1-Port Gigabit Ethernet PCI Network Card Adapter PCIe LowProfile,$20.99,"<div class=""quick-tech-spec"">
                    <div class=""quick-tech-spec-row"">
                        <div class=""quick-tech-spec-col"">
                            <ul>
                                    <li>Low Profile 1-Port Gigabit Ethernet PCI Express Card adds a 10/100/1000 Mbps network card and Ethernet port to a PCI Express computer/server or replaces an existing network card and Ethernet port</li>
                                    <li>Low-profile bracket designed for shorter computer cases</li>
                                    <li>Windows® Mac® and Linux® compatible</li>
                                    <li>Tripp Lite 2-year Warranty</li>
                            </ul>
                        </div>
                        <div class=""quick-tech-spec-col"">
                            <ul>
                                    <li>Upgrade your system to Gigabit Ethernet capability w/o buying a new computer/server</li>
                                    <li>Compatible w/ x4 x8 and x16 PCIe slots</li>
                                    <li>GbE Card/ PCIe Card/ Ethernet Network Card</li>
                            </ul>
                        </div>
                    </div>
                </div>",MFG#: PCE-1G-01-LP,,"https://webobjects2.cdw.com/is/image/CDW/4176587a,https://webobjects2.cdw.com/is/image/CDW/4176587b,https://webobjects2.cdw.com/is/image/CDW/4176587c,https://webobjects2.cdw.com/is/image/CDW/4176587d"
https://webobjects2.cdw.com/is/image/CDW/439940?$400x350$,Networking,CDW#: 439940,"The Digi One IA RealPort device server easily allows any industrial device with a serial port to be connected to the Ethernet (such as Programmable Logic Controllers, process and quality equipment, motors, drives, bar-code readers, operator displays and other types of manufacturing equipment).",Digi One IA RealPort,$587.99,"<div class=""quick-tech-spec"">
                    <div class=""quick-tech-spec-row"">
                        <div class=""quick-tech-spec-col"">
                            <ul>
                                    <li>port 10/100BASE-TX device server</li>
                            </ul>
                        </div>
                        <div class=""quick-tech-spec-col"">
                            <ul>
                            </ul>
                        </div>
                    </div>
                </div>",MFG#: 70001777,,
https://webobjects2.cdw.com/is/image/CDW/7020990?$400x350$,Networking,CDW#: 7020990,"Add serial communication support to your desktop computer or Small Form Factor (SFF) system, using this two-port serial card. RS-232 (DB9) support enables control and communication with a serial peripheral device.","StarTech.com 2-Port PCI Express Serial Card, PCIe to Dual Port RS232 Card",$79.99,"<div class=""quick-tech-spec"">
                    <div class=""quick-tech-spec-row"">
                        <div class=""quick-tech-spec-col"">
                            <ul>
                                    <li>Connect serial RS232 (DB9) devices</li>
                                    <li>Use this serial interface card to connect with barcode readers/receipt printers/scales PLCs/medical devices. The UART PCIe card can supply 5V/12V over pin 9. Low profile brackets incl.</li>
                            </ul>
                        </div>
                        <div class=""quick-tech-spec-col"">
                            <ul>
                                    <li>using this PC Serial Card. Supports 16C1050 UART. LED status lights to monitor activity on the PCI express DB9 card</li>
                                    <li>This card is ideal for IT applications e.g. server rooms/industrial control/automation/logis- tics/labs. Continue using legacy hardware with this RS232 PCIe car</li>
                            </ul>
                        </div>
                    </div>
                </div>",MFG#: 21050-PC-SERIAL-CARD,,"https://webobjects2.cdw.com/is/image/CDW/7020990a,https://webobjects2.cdw.com/is/image/CDW/7020990b,https://webobjects2.cdw.com/is/image/CDW/7020990c,https://webobjects2.cdw.com/is/image/CDW/7020990d,https://webobjects2.cdw.com/is/image/CDW/7020990e,https://webobjects2.cdw.com/is/image/CDW/7020990f,https://webobjects2.cdw.com/is/image/CDW/7020990g,https://webobjects2.cdw.com/is/image/CDW/7020990h,https://webobjects2.cdw.com/is/image/CDW/7020990i"
https://webobjects2.cdw.com/is/image/CDW/6651338?$400x350$,Networking,CDW#: 6651338,"The Cisco UCS VIC 1457 (Figure 5) is a quad-port Small Form-Factor Pluggable (SFP28) mLOM card designed for the M5 generation of Cisco UCS C-Series Rack Servers. The card supports 10/25-Gbps Ethernet or FCoE. The card can present PCIe standards-compliant interfaces to the host, and these can be dynamically configured as either NICs or HBAs.",Cisco UCS Virtual Interface Card 1457 - network adapter - PCIe 3.0 x16 - 25,$789.99,"<div class=""quick-tech-spec"">
                    <div class=""quick-tech-spec-row"">
                        <div class=""quick-tech-spec-col"">
                            <ul>
                                    <li> Network adapter</li>
                                    <li>25 Gigabit SFP28 x 4</li>
                                    <li>for UCS C240 M5</li>
                                    <li>SmartPlay Select C240 M5SX</li>
                            </ul>
                        </div>
                        <div class=""quick-tech-spec-col"">
                            <ul>
                                    <li>PCIe 3.0 x16</li>
                                    <li>refurbished</li>
                                    <li>SmartPlay Select C220 M5SX</li>
                            </ul>
                        </div>
                    </div>
                </div>",MFG#: UCSC-MLOMC25Q04-RF,,
https://webobjects2.cdw.com/is/image/CDW/6707295?$400x350$,Networking,CDW#: 6707295,Expand the utility of your device with the Intel Killer Wi-Fi 6 AX1650 Network Adapter.,Intel Killer Wi-Fi 6 AX1650 - network adapter - M.2 2230,"$1,457.99","<div class=""quick-tech-spec"">
                    <div class=""quick-tech-spec-row"">
                        <div class=""quick-tech-spec-col"">
                            <ul>
                                    <li>Fi 6 AX1650</li>
                                    <li>M.2 2230</li>
                                    <li>802.11ax (Wi-Fi 6)</li>
                            </ul>
                        </div>
                        <div class=""quick-tech-spec-col"">
                            <ul>
                                    <li>Network adapter</li>
                                    <li>802.11ac</li>
                                    <li>Bluetooth 5.2</li>
                            </ul>
                        </div>
                    </div>
                </div>",MFG#: AX200.NGWG.NVXX,,
https://webobjects2.cdw.com/is/image/CDW/3255380?$400x350$,Networking,CDW#: 3255380,Add high-speed Wireless-N connectivity to a desktop or laptop system through USB. The USB150WN1X1W USB Wireless Network Adapter lets you add high-speed Wireless-N connectivity to a desktop or laptop system through USB.,"StarTech.com USB Wifi Adapter, Wireless-N Network 802.11n/g - Nano 1T1R NIC",$14.99,"<div class=""quick-tech-spec"">
                    <div class=""quick-tech-spec-row"">
                        <div class=""quick-tech-spec-col"">
                            <ul>
                                    <li>Add high-speed Wireless N connectivity to a desktop or laptop system through USB</li>
                                    <li>USB WiFi Network Card/USB Wireless NIC/Wireless USB</li>
                                    <li>Upgrade your existing Wireless NIC externally via USB</li>
                            </ul>
                        </div>
                        <div class=""quick-tech-spec-col"">
                            <ul>
                                    <li>Compatible with USB equipped MAC OSX devices such as MacBook and MacBook Pro</li>
                                    <li>Supports Wireless 802.11 N/G (150 Mbps) for high speed wireless Internet applications such as online gaming and Video Streaming</li>
                                    <li>USB Wireless N Adapter/USB WiFi Adapter/USB Wireless LAN/WLAN Adapter/White</li>
                            </ul>
                        </div>
                    </div>
                </div>",MFG#: USB150WN1X1W,,"https://webobjects2.cdw.com/is/image/CDW/3255380a,https://webobjects2.cdw.com/is/image/CDW/3255380b,https://webobjects2.cdw.com/is/image/CDW/3255380c"
https://webobjects2.cdw.com/is/image/CDW/653497?$400x350$,Networking,CDW#: 653497,Black Box Serial Host Adapter- Serial adapter- PCI- RS-232- serial- 8 ports.,Black Box Serial Host Adapter - serial adapter - PCI - 8 ports,$349.99,"<div class=""quick-tech-spec"">
                    <div class=""quick-tech-spec-row"">
                        <div class=""quick-tech-spec-col"">
                            <ul>
                                    <li> Serial adapter</li>
                                    <li>RS-232</li>
                                    <li>8 ports</li>
                            </ul>
                        </div>
                        <div class=""quick-tech-spec-col"">
                            <ul>
                                    <li>PCI</li>
                                    <li>serial</li>
                            </ul>
                        </div>
                    </div>
                </div>",MFG#: IC142C,,
https://webobjects2.cdw.com/is/image/CDW/5021052?$400x350$,Networking,CDW#: 5021052,"This USBto fiber-optic converter lets you utilize the USB 2.0 (Type-A) port on your laptop or tablet to provide a secure fiber network connection. Windows compatible, the network adapter provides a 100Mbps Ethernetoptical network connection for portable laptops or tablets, or systems without expansion slots.",StarTech.com USB 2.0 to Fiber Optic Converter - Open SFP - Network Adapter,$142.99,"<div class=""quick-tech-spec"">
                    <div class=""quick-tech-spec-row"">
                        <div class=""quick-tech-spec-col"">
                            <ul>
                                    <li>Connect to a 100Mbps Ethernet network through your laptop’s USB-A port using the 100Mbps SFP of your choice</li>
                                    <li>Fiber-to-the-desk connectivity (FTTD) maximizes network security reducing the risk of data leaks</li>
                                    <li>USB 2.0 Network Adapter provides a fiber network connection to portable laptops or tablets (bus powered)</li>
                            </ul>
                        </div>
                        <div class=""quick-tech-spec-col"">
                            <ul>
                                    <li>USB to Fiber Optic Converter with open SFP slot compatible with MSA compliant SFP modules</li>
                                    <li>USB 2.0 Ethernet Network Adapter with certified drivers for Windows and Linux</li>
                            </ul>
                        </div>
                    </div>
                </div>",MFG#: US100A20SFP,,"https://webobjects2.cdw.com/is/image/CDW/5021052a,https://webobjects2.cdw.com/is/image/CDW/5021052b,https://webobjects2.cdw.com/is/image/CDW/5021052c,https://webobjects2.cdw.com/is/image/CDW/5021052d"
https://webobjects2.cdw.com/is/image/CDW/4456062?$400x350$,Networking,CDW#: 4456062,"The X710-T4 adapter delivers four ports of wire-speed 10GbE over CAT6A cabling, and is backwards compatible to 1GbE and 100MB.",Intel Ethernet Converged Network Adapter X710-T4 - network adapter - PCIe 3,$686.99,"<div class=""quick-tech-spec"">
                    <div class=""quick-tech-spec-row"">
                        <div class=""quick-tech-spec-col"">
                            <ul>
                                    <li>T4</li>
                                    <li>PCIe 3.0 x8 low profile</li>
                            </ul>
                        </div>
                        <div class=""quick-tech-spec-col"">
                            <ul>
                                    <li>Network adapter</li>
                                    <li>10Gb Ethernet x 4</li>
                            </ul>
                        </div>
                    </div>
                </div>",MFG#: X710T4,,
https://webobjects2.cdw.com/is/image/CDW/5102092?$400x350$,Networking,CDW#: 5102092,"The HPE Nimble Storage Network Adapter Kit helps optimize the network connectivity of a device. It has two Gigabit Ethernet ports with a transfer rate of 1 Gb/s. This adapter kit is compatible with the Nimble Storage Adaptive Flash HF20, HF20C, HF20H, HF40 and HF60 series.",HPE Nimble Storage 2-port Adapter Kit - network adapter,"$1,694.99","<div class=""quick-tech-spec"">
                    <div class=""quick-tech-spec-row"">
                        <div class=""quick-tech-spec-col"">
                            <ul>
                                    <li> Gigabit Ethernet x 2</li>
                                    <li>for Nimble Storage Adaptive Flash HF20</li>
                                    <li>HF60; Nimble Storage All Flash AF20</li>
                                    <li>AF80</li>
                            </ul>
                        </div>
                        <div class=""quick-tech-spec-col"">
                            <ul>
                                    <li>factory integrated</li>
                                    <li>HF40</li>
                                    <li>AF60</li>
                            </ul>
                        </div>
                    </div>
                </div>",MFG#: Q8B84B,,
https://webobjects2.cdw.com/is/image/CDW/4771365?$400x350$,Networking,CDW#: 4771365,The NETSCOUT 802.11a/b/g/n/ac 3x3:2 USB Adapter has been optimized for use with the AirMagnet tools for efficient and accurate 802.11ac testing and troubleshooting. The adapter provides a 3 x 3 MIMO configuration optimized for 2 spatial streams and can support channel widths up to 80 MHz allowing users to deploy and troubleshoot Wi-Fi networks delivering performance at data rates up to 1300 Mbps. Includes: 3 Edimax Wi-Fi Adapters; Multi-port USB hub; 5 adhesive labels for numbering the adapters and ports on the hub; and 4 Nylon Velcro Reclosable Fasteners (Hook and Loop types).,NetScout Adapter Kit Wireless 11AC,$515.99,"<div class=""quick-tech-spec"">
                    <div class=""quick-tech-spec-row"">
                        <div class=""quick-tech-spec-col"">
                            <ul>
                                    <li> 11AC</li>
                            </ul>
                        </div>
                        <div class=""quick-tech-spec-col"">
                            <ul>
                            </ul>
                        </div>
                    </div>
                </div>",MFG#: AM/D1090-Z1,,https://webobjects2.cdw.com/is/image/CDW/4771365a
https://webobjects2.cdw.com/is/image/CDW/5205684?$400x350$,Networking,CDW#: 5205684,"The Cisco UCS 1457 mLOM (Modular LAN on Motherboard) Visual Interface Card provides a policy-based, stateless, agile server infrastructure for data centers. This 4-port VIC features an SFP28 connector that supports a swift data transfer rate of 25 Gb/s. It is compatible with the Cisco UCS C220 M5 rack server.",Cisco UCS Virtual Interface Card 1457 - network adapter,"$1,236.99","<div class=""quick-tech-spec"">
                    <div class=""quick-tech-spec-row"">
                        <div class=""quick-tech-spec-col"">
                            <ul>
                                    <li> PCIe 3.0 x16</li>
                                    <li>for UCS C240 M5</li>
                                    <li>SmartPlay Select C240 M5SX</li>
                            </ul>
                        </div>
                        <div class=""quick-tech-spec-col"">
                            <ul>
                                    <li>25 Gigabit SFP28 x 4</li>
                                    <li>SmartPlay Select C220 M5SX</li>
                            </ul>
                        </div>
                    </div>
                </div>",MFG#: UCSC-MLOM-C25Q-04,,
https://webobjects2.cdw.com/is/image/CDW/5106027?$400x350$,Networking,CDW#: 5106027,"Connect your computer to other storage devices and increase its capacity with the HP Nimble Storage FIO Host Bus Adapter Kit. The factory integrated host bus adapter has two 16 GB fiber channels. This kit is ideal for use with the Nimble Storage Adaptive Flash HF20, HF20C, HF20H, HF40 and HF60 series.",HPE Nimble Storage 2-port Adapter Kit - host bus adapter,"$15,816.99","<div class=""quick-tech-spec"">
                    <div class=""quick-tech-spec-row"">
                        <div class=""quick-tech-spec-col"">
                            <ul>
                                    <li> 16Gb Fibre Channel x 2</li>
                                    <li>for Nimble Storage Adaptive Flash HF20</li>
                                    <li>HF60; Nimble Storage All Flash AF20</li>
                                    <li>AF80</li>
                            </ul>
                        </div>
                        <div class=""quick-tech-spec-col"">
                            <ul>
                                    <li>factory integrated</li>
                                    <li>HF40</li>
                                    <li>AF60</li>
                            </ul>
                        </div>
                    </div>
                </div>",MFG#: Q8B90B,,
https://webobjects2.cdw.com/is/image/CDW/5364047?$400x350$,Networking,CDW#: 5364047,Intel continues its legacy of Ethernet leader- ship by introducing a 10/40 gigabit family of adapters powered by the Intel Ethernet X710 Controller code-named Fortville.,Intel Ethernet Converged Network Adapter X710-DA2 - network adapter - PCIe,$282.99,"<div class=""quick-tech-spec"">
                    <div class=""quick-tech-spec-row"">
                        <div class=""quick-tech-spec-col"">
                            <ul>
                                    <li>DA2</li>
                                    <li>PCIe 3.0 x8 low profile</li>
                            </ul>
                        </div>
                        <div class=""quick-tech-spec-col"">
                            <ul>
                                    <li>Network adapter</li>
                                    <li>10 Gigabit SFP+ x 2</li>
                            </ul>
                        </div>
                    </div>
                </div>",MFG#: EX710DA2G1P5,,
https://webobjects2.cdw.com/is/image/CDW/5400664?$400x350$,Networking,CDW#: 5400664,"The Cisco UCS 1385 Virtual Interface Card provides a policy-based, stateless, agile server infrastructure for your data center. This dual-port enhanced QSFP half-height PCI Express (PCIe) card is designed exclusively for Cisco UCS C-Series rack servers. The card supports 40 GbE and Fiber Channel over Ethernet (FCoE). It incorporates Cisco's converged network adapter (CNA) technology and offers a comprehensive feature set, providing investment protection for future feature software releases. The card can present more than 256 PCIe standards-compliant interfaces to the host, and these can be dynamically configured as either network interface cards (NICs) or host bus adapters (HBAs). In addition, the VIC supports Cisco Data Center Virtual Machine Fabric Extender (VM-FEX) technology. This technology extends the Cisco UCS Fabric Interconnect ports to virtual machines, simplifying server virtualization deployment.",Cisco Virtual Interface Card 1385 - network adapter,"$1,285.99","<div class=""quick-tech-spec"">
                    <div class=""quick-tech-spec-row"">
                        <div class=""quick-tech-spec-col"">
                            <ul>
                                    <li> PCIe 3.0 x16</li>
                                    <li>for Hyperflex System HX240c M5</li>
                            </ul>
                        </div>
                        <div class=""quick-tech-spec-col"">
                            <ul>
                                    <li>40 Gigabit QSFP+ x 2</li>
                                    <li>HX-E-220; UCS Smart Play HX220c M5</li>
                            </ul>
                        </div>
                    </div>
                </div>",MFG#: HX-PCIE-C40Q-03,,
https://webobjects2.cdw.com/is/image/CDW/803838?$400x350$,Networking,CDW#: 803838,"The IOLAN SDS is the most advanced device server on the market for secure serial to ethernet connectivity applications. Delivering high performance in a compact size, an IOLAN SDS offers robust security, flexibility and next generation IPv6 technology making it ideal for applications that require remote device/console management, data capture or monitoring.",Perle Iolan SDS 2 Port,$493.99,,MFG#: 04030104,,
https://webobjects2.cdw.com/is/image/CDW/3212118?$400x350$,Networking,CDW#: 3212118,"Transform the spaces where people gather into true learning, sharing, collaborating environments with the Wireless Audio/Video Presentation Solution. This solution provides a reliable, one-to-one, wireless connection from a tablet, smartphone or other Miracast™-enabled device to an in-room display or projector for high definition audio/video content sharing. Share presentations, videos, spreadsheets and other business information easily and quickly. This scalable solution allows for easy transition from one presenter to another, making it perfect for transient environments where users are constantly coming and going.

Content is shared via a secure 802.11 radio connection to create a one-to-one network which does not require network access and will not interfere or conflict with other wireless networks. Because it will not conflict with existing wireless networks and requires no central management to support, IT staffs will not be burdened with maintaining yet another technology.

The Wireless Audio/Video Presentation Solution can be combined with an in-room projector or connected directly to a display, allowing for flexibility and adaptation to the room’s configuration. Enjoy the flexibility and freedom of wireless mobility at distances up to 30 feet. By bringing mobility to the workplace, this solution enhances efficiency while maximizing convenience.",C2G Wireless AV Presentation Kit - Audio/Video Presention Solution,$84.99,"<div class=""quick-tech-spec"">
                    <div class=""quick-tech-spec-row"">
                        <div class=""quick-tech-spec-col"">
                            <ul>
                                    <li>Wireless Audio / Video Solution</li>
                                    <li>Designed for use with Miracast devices</li>
                                    <li>C2G 1 Year Warranty</li>
                            </ul>
                        </div>
                        <div class=""quick-tech-spec-col"">
                            <ul>
                                    <li>Wireless AV Presentation Solution</li>
                                    <li>Audio / Video Content Sharing</li>
                            </ul>
                        </div>
                    </div>
                </div>",MFG#: 29468,,"https://webobjects2.cdw.com/is/image/CDW/3212118a,https://webobjects2.cdw.com/is/image/CDW/3212118b,https://webobjects2.cdw.com/is/image/CDW/3212118c,https://webobjects2.cdw.com/is/image/CDW/3212118d,https://webobjects2.cdw.com/is/image/CDW/3212118e"
https://webobjects2.cdw.com/is/image/CDW/4047510?$400x350$,Networking,CDW#: 4047510,"Use this sleek aluminum converter to add a Gb Ethernet port to your MacBook, Chromebook or laptop with USB Type-C. Now, you can easily connect to a Gigabit network through the USB-C port on your laptop. This Gigabit Ethernet (GbE) network adapter delivers reliable network connections - without even having to install drivers. Its sleek silver design looks great with your MacBook, and any laptop or Chromebook with a similar look. It's also compatible with Thunderbolt 3 ports.",StarTech.com USB C to Gigabit Ethernet Adapter USB 3.0 Network NIC Aluminum,$36.99,"<div class=""quick-tech-spec"">
                    <div class=""quick-tech-spec-row"">
                        <div class=""quick-tech-spec-col"">
                            <ul>
                                    <li>Use this sleek aluminum converter to add a Gb Ethernet port to your MacBook,Chromebook or laptop with USB Type-C</li>
                                    <li>Silver finish looks great with your MacBook and any laptop or Chromebook with similar color finish</li>
                                    <li>USB powered</li>
                                    <li>IEEE 802.3,802.3u and 802.3ab compatible</li>
                            </ul>
                        </div>
                        <div class=""quick-tech-spec-col"">
                            <ul>
                                    <li>USB-C Gigabit adapter/USB-C Ethernet converter/ USB C to GbE NIC/USB Type-C gigabit adapter</li>
                                    <li>Native driver support in Chrome OS,Mac OS 10.10,Windows 8.1 for easy set-up</li>
                                    <li>Compact and lightweight for portability</li>
                            </ul>
                        </div>
                    </div>
                </div>",MFG#: US1GC30A,,"https://webobjects2.cdw.com/is/image/CDW/4047510a,https://webobjects2.cdw.com/is/image/CDW/4047510b,https://webobjects2.cdw.com/is/image/CDW/4047510c,https://webobjects2.cdw.com/is/image/CDW/4047510d"
https://webobjects2.cdw.com/is/image/CDW/3255368?$400x350$,Networking,CDW#: 3255368,"Convert and extend a Gigabit Ethernet connection over Multimode LC fiber with remote management capabilities. The ET91000LCOAM Managed Fiber Media Converter lets you extend a Gigabit Ethernet connection over Multimode LC fiber, with the added benefit of remote management capabilities.",StarTech.com OAM Managed Gigabit Ethernet Fiber Media Converter MM LC 550m,$235.99,"<div class=""quick-tech-spec"">
                    <div class=""quick-tech-spec-row"">
                        <div class=""quick-tech-spec-col"">
                            <ul>
                                    <li>Convert and extend a Gigabit Ethernet connection over Multimode LC fiber with remote management capabilities</li>
                                    <li>Gigabit Fibre Converter</li>
                                    <li>802.3ah Compliant</li>
                                    <li>Supports 802.3ah OAM In-band management for monitoring connection status</li>
                            </ul>
                        </div>
                        <div class=""quick-tech-spec-col"">
                            <ul>
                                    <li>Ethernet Fiber Optic Media Converter</li>
                                    <li>In-Band OAM Managed Fiber Converter</li>
                                    <li>Multi Mode LC 550m</li>
                            </ul>
                        </div>
                    </div>
                </div>",MFG#: ET91000LCOAM,,"https://webobjects2.cdw.com/is/image/CDW/3255368a,https://webobjects2.cdw.com/is/image/CDW/3255368b,https://webobjects2.cdw.com/is/image/CDW/3255368c,https://webobjects2.cdw.com/is/image/CDW/3255368d,https://webobjects2.cdw.com/is/image/CDW/3255368e,https://webobjects2.cdw.com/is/image/CDW/3255368f"
https://webobjects2.cdw.com/is/image/CDW/3432985?$400x350$,Networking,CDW#: 3432985,The PEX1000SFP2 PCI Express Gigabit Fiber Network Card lets you connect a PCI Express-based computer directly to a fiber optic network using the Gigabit SFP of your choice.,StarTech.com PCI Express Gigabit Ethernet Fiber Network Card w/ Open SFP,$195.99,"<div class=""quick-tech-spec"">
                    <div class=""quick-tech-spec-row"">
                        <div class=""quick-tech-spec-col"">
                            <ul>
                                    <li>Connect a PCI Express-based desktop or rackmount PC directly to a fiber optic network using the Gigabit SFP of your choice</li>
                                    <li>PCIe SFP Network Card Adapter NIC</li>
                                    <li>Fiber Optic Network Card</li>
                                    <li>Gigabit SFP NIC</li>
                                    <li>Compatible with most Gigabit SFP modules</li>
                                    <li>Supports Full/Half-duplex Auto Negotiation and Auto MDI/MDIX</li>
                            </ul>
                        </div>
                        <div class=""quick-tech-spec-col"">
                            <ul>
                                    <li>PCIe GbE Fiber Network Card with Open SFP Slot</li>
                                    <li>PCI Express SFP Adapter</li>
                                    <li>PCI Express Open SFP Card</li>
                                    <li>Includes low-profile / half-height installation bracket</li>
                                    <li>Jumbo Frame Support</li>
                            </ul>
                        </div>
                    </div>
                </div>",MFG#: PEX1000SFP2,,"https://webobjects2.cdw.com/is/image/CDW/3432985a,https://webobjects2.cdw.com/is/image/CDW/3432985b,https://webobjects2.cdw.com/is/image/CDW/3432985c,https://webobjects2.cdw.com/is/image/CDW/3432985d,https://webobjects2.cdw.com/is/image/CDW/3432985e"
https://webobjects2.cdw.com/is/image/CDW/3802324?$400x350$,Networking,CDW#: 3802324,"Convert and extend different networks over a Gigabit fiber cable connection using the SFP of your choice. This fiber media converter offers an easy, cost-effective way to extend your network over fiber, using the SFP of your choice. It converts a copper RJ45 Ethernet connection to Gigabit fiber to extend your network over longer distances or connect workstations to switches. The converter provides a powerful networking solution for campuses, businesses, government facilities, stadiums, or other areas requiring network access.",StarTech.com Gigabit Ethernet Fiber Media Converter with Open SFP Slot,$82.99,"<div class=""quick-tech-spec"">
                    <div class=""quick-tech-spec-row"">
                        <div class=""quick-tech-spec-col"">
                            <ul>
                                    <li>Convert and extend different networks over a Gigabit fiber cable connection using the SFP of your choice</li>
                                    <li>Supports 10/100/1000 Mbps Ethernet networks</li>
                                    <li>Copper ethernet to fiber media converter with auto MDIX</li>
                                    <li>Durable metal housing</li>
                                    <li>9K Jumbo Frame supported</li>
                            </ul>
                        </div>
                        <div class=""quick-tech-spec-col"">
                            <ul>
                                    <li>Gigabit Ethernet fiber media converter with open SFP slot</li>
                                    <li>Gigabit media converter for cost-effective network extension</li>
                                    <li>Compatible with virtually any MSA-compliant transceiver</li>
                                    <li>Link Fault Pass (LFP) supported</li>
                            </ul>
                        </div>
                    </div>
                </div>",MFG#: MCM1110SFP,,"https://webobjects2.cdw.com/is/image/CDW/3802324a,https://webobjects2.cdw.com/is/image/CDW/3802324b,https://webobjects2.cdw.com/is/image/CDW/3802324c,https://webobjects2.cdw.com/is/image/CDW/3802324d,https://webobjects2.cdw.com/is/image/CDW/3802324e"
https://webobjects2.cdw.com/is/image/CDW/3814505?$400x350$,Networking,CDW#: 3814505,Now you can easily connect to a Gigabit network through the USB C or Thunderbolt 3 port on your laptop or desktop computer. This USB C to Gigabit Ethernet adapter provides a reliable network connection without even having to install drivers. It’s ready to go with native driver support to ensure a quick setup.,StarTech.com USB C to Gigabit Ethernet Adapter USB 3.0 NIC 10/100/1000 Mbps,$29.99,"<div class=""quick-tech-spec"">
                    <div class=""quick-tech-spec-row"">
                        <div class=""quick-tech-spec-col"">
                            <ul>
                                    <li>Connect to a Gigabit network through the USB-C port on your computer</li>
                                    <li>USB 3.1 Gen 1(5 Gbps)</li>
                                    <li>Works with latest MacBook and Chromebook Pixel and other laptops and desktop computers with USB Type-C port</li>
                                    <li>USB powered</li>
                                    <li>IEEE 802.3,802.3u and 802.3ab compatible</li>
                            </ul>
                        </div>
                        <div class=""quick-tech-spec-col"">
                            <ul>
                                    <li>USB Type C to Gigabit Ethernet network adapter</li>
                                    <li>USB C Gigabit adapter/USB-C Ethernet adapter/MacBook to Gigabit</li>
                                    <li>Native driver support in Chrome OS,Mac OS 10.10,Windows 8.1 for easy set-up</li>
                                    <li>Compact and lightweight for portability</li>
                            </ul>
                        </div>
                    </div>
                </div>",MFG#: US1GC30W,,"https://webobjects2.cdw.com/is/image/CDW/3814505a,https://webobjects2.cdw.com/is/image/CDW/3814505b"
https://webobjects2.cdw.com/is/image/CDW/4096585?$400x350$,Networking,CDW#: 4096585,"SIIG's SuperSpeed USB 3.0 Gigabit LAN Adapter - Black instantly adds a Gigabit LAN port (RJ45) to your laptop or desktop computer through USB 3.0 connection. It delivers high performance packet transfer rate of up to 1000 Mb/s over your Ethernet network to support high speed, large files transferring. Built-in data diagnostic LEDs allow you to monitor your network connection at a glance. Compact and light-weight design provides instant wired Ethernet connection while on-the-go. It is a perfect LAN accessory to cost-effectively enhance your existing computer's networking capability.",SIIG SuperSpeed USB 3.0 Gigabit LAN Adapter - network adapter - USB 3.0 - G,$20.99,"<div class=""quick-tech-spec"">
                    <div class=""quick-tech-spec-row"">
                        <div class=""quick-tech-spec-col"">
                            <ul>
                                    <li> Network adapter</li>
                                    <li>Gigabit Ethernet</li>
                            </ul>
                        </div>
                        <div class=""quick-tech-spec-col"">
                            <ul>
                                    <li>USB 3.0</li>
                                    <li>black</li>
                            </ul>
                        </div>
                    </div>
                </div>",MFG#: JU-NE0611-S2,,"https://webobjects2.cdw.com/is/image/CDW/4096585a,https://webobjects2.cdw.com/is/image/CDW/4096585b,https://webobjects2.cdw.com/is/image/CDW/4096585c,https://webobjects2.cdw.com/is/image/CDW/4096585d,https://webobjects2.cdw.com/is/image/CDW/4096585e"
https://webobjects2.cdw.com/is/image/CDW/4135493?$400x350$,Networking,CDW#: 4135493,"Convert and extend a Gigabit Ethernet connection up to 10 km (6.2 mi) using single-mode LC fiber cable. This Gigabit Ethernet to fiber media converter is a cost-effective way to extend your network, or extend the distance between two devices by up to 10 km (6.2 mi.).",StarTech.com Gigabit Ethernet Copper-to-Fiber Media Converter - SM LC 10 km,$255.99,"<div class=""quick-tech-spec"">
                    <div class=""quick-tech-spec-row"">
                        <div class=""quick-tech-spec-col"">
                            <ul>
                                    <li>Convert and extend a GbE connection up to 10 km (6.2 mi) using single-mode LC fiber cable</li>
                                    <li>Ethernet Media Converter/GbE Converter/1000Mbps Network Extender and Converter/Fiber to Copper</li>
                                    <li>Cost-effective network extension up to 10km using fiber-optical cable</li>
                                    <li>Rugged metal housing</li>
                            </ul>
                        </div>
                        <div class=""quick-tech-spec-col"">
                            <ul>
                                    <li>Gigabit Ethernet Copper-to-Fiber Media Converter SM LC 10 km</li>
                                    <li>Supports standalone operation or install into ETCHS2U chassis</li>
                                    <li>Includes a pre-installed GbE SFP transceiver</li>
                                    <li>Supports LFP/ALS/Jumbo Frames</li>
                            </ul>
                        </div>
                    </div>
                </div>",MFG#: ET91000SM10,,"https://webobjects2.cdw.com/is/image/CDW/4135493a,https://webobjects2.cdw.com/is/image/CDW/4135493b,https://webobjects2.cdw.com/is/image/CDW/4135493c,https://webobjects2.cdw.com/is/image/CDW/4135493d,https://webobjects2.cdw.com/is/image/CDW/4135493e,https://webobjects2.cdw.com/is/image/CDW/4135493f"
https://webobjects2.cdw.com/is/image/CDW/4187670?$400x350$,Networking,CDW#: 4187670,"Increase data transfer speeds with the StarTech.com® 10 Gigabit Ethernet Copper-to-Fiber Media Converter. It has 10GBASE-T and 10GBASE-R ports, supporting the conversion of copper to fiber or fiber to copper. A scalable solution, this device allows for remote management via the local serial console port. The boost in power that comes from this managed media converter gives data signals the strength they need to travel longer distances. Add the right modules to fit a network's needs to the open SFP+ port. This feature also makes the StarTech.com® copper to fiber media converter highly adaptable, meeting changing needs as new users and devices use the network.",StarTech.com 10 Gigabit Ethernet Copper to Fiber Media Converter,"$1,159.99","<div class=""quick-tech-spec"">
                    <div class=""quick-tech-spec-row"">
                        <div class=""quick-tech-spec-col"">
                            <ul>
                                    <li>Convert and extend a high-speed copper (10GBASE-T) connection over fiber (10GBASE-R) using the 10Gbe SFP+ transceiver of your choice</li>
                                    <li>10G Ethernet Media Converter w/ SFP+ Slot</li>
                                    <li>Flexible setup using the SPF+ module that's best for your network/Customize to fit your needs using the serial console management port</li>
                            </ul>
                        </div>
                        <div class=""quick-tech-spec-col"">
                            <ul>
                                    <li>10 Gigabit Ethernet Copper-to-Fiber Media Converter/Open SFP+/Managed</li>
                                    <li>Extend your network over long distances using fiber-optic cable</li>
                                    <li>Empty expansion bay/Supports LFP</li>
                            </ul>
                        </div>
                    </div>
                </div>",MFG#: ET10GSFP,,"https://webobjects2.cdw.com/is/image/CDW/4187670a,https://webobjects2.cdw.com/is/image/CDW/4187670b,https://webobjects2.cdw.com/is/image/CDW/4187670c,https://webobjects2.cdw.com/is/image/CDW/4187670d,https://webobjects2.cdw.com/is/image/CDW/4187670e,https://webobjects2.cdw.com/is/image/CDW/4187670f,https://webobjects2.cdw.com/is/image/CDW/4187670g,https://webobjects2.cdw.com/is/image/CDW/4187670h"
https://webobjects2.cdw.com/is/image/CDW/4349842?$400x350$,Networking,CDW#: 4349842,The USB 3.0 to Gigabit Ethernet adapter UE300 adds Gigabit Ethernet network connectivity to your desktops and notebooks through a USB 3.0 port. It transfers your files at ultrafast speed over an Ethernet port.,TP-Link USB 3.0 to Ethernet LAN Network Adapter (UE300) 10/100/1000 Gigabit,$12.99,"<div class=""quick-tech-spec"">
                    <div class=""quick-tech-spec-row"">
                        <div class=""quick-tech-spec-col"">
                            <ul>
                                    <li> Network adapter</li>
                                    <li>Gigabit Ethernet</li>
                            </ul>
                        </div>
                        <div class=""quick-tech-spec-col"">
                            <ul>
                                    <li>USB 3.0</li>
                            </ul>
                        </div>
                    </div>
                </div>",MFG#: TL-UE300,,"https://webobjects2.cdw.com/is/image/CDW/4349842a,https://webobjects2.cdw.com/is/image/CDW/4349842b,https://webobjects2.cdw.com/is/image/CDW/4349842c,https://webobjects2.cdw.com/is/image/CDW/4349842d,https://webobjects2.cdw.com/is/image/CDW/4349842e,https://webobjects2.cdw.com/is/image/CDW/4349842f"
https://webobjects2.cdw.com/is/image/CDW/4476590?$400x350$,Networking,CDW#: 4476590,"Add two high performance RS232 serial ports (DB9) to your low or full-profile computer, through a PCI Express slot. This PCI Express serial card adds two high-performance RS232 serial ports to your desktop computer or server, for connecting your serial-based devices and equipment.",StarTech.com 2-Port PCI Express Serial Card with 16C1050 UART - RS232,$49.99,"<div class=""quick-tech-spec"">
                    <div class=""quick-tech-spec-row"">
                        <div class=""quick-tech-spec-col"">
                            <ul>
                                    <li>Add two high performance RS232 serial ports (DB9) to your low or full-profile computer,through a PCI Express slot</li>
                                    <li>RS232</li>
                                    <li>256-Byte deep FIFO per transmitter and receiver</li>
                            </ul>
                        </div>
                        <div class=""quick-tech-spec-col"">
                            <ul>
                                    <li>2-Port PCIe Serial Card with 16C1050 UART</li>
                                    <li>Dual channel 16C1050 UART for full compatibility with 16C1050 devices</li>
                                    <li>Maximum data transfer rate of 460 Kbps 2-port PCIe RS232 serial card/serial card/PCI serial card/PCIe serial adapter</li>
                            </ul>
                        </div>
                    </div>
                </div>",MFG#: PEX2S1050,,"https://webobjects2.cdw.com/is/image/CDW/4476590a,https://webobjects2.cdw.com/is/image/CDW/4476590b,https://webobjects2.cdw.com/is/image/CDW/4476590c,https://webobjects2.cdw.com/is/image/CDW/4476590d,https://webobjects2.cdw.com/is/image/CDW/4476590e"
https://webobjects2.cdw.com/is/image/CDW/4566473?$400x350$,Networking,CDW#: 4566473,"The Intel Dual Band Wireless-AC 7265 802.11ac, 2 x 2 Wi-Fi and Bluetooth adapter lets you move at the speed of life with 3x faster speed (up to 867 Mbps) than 802.11n Wi-Fi, more capacity for more devices, better performance at further distances, improved reliability for fewer dropped connections, and lower power consumption for longer battery life.",Intel Dual Band Wireless-AC 7265 - network adapter - M.2 Card,$20.99,"<div class=""quick-tech-spec"">
                    <div class=""quick-tech-spec-row"">
                        <div class=""quick-tech-spec-col"">
                            <ul>
                                    <li>AC 7265</li>
                                    <li>M.2 Card</li>
                                    <li>802.11ac</li>
                            </ul>
                        </div>
                        <div class=""quick-tech-spec-col"">
                            <ul>
                                    <li>Network adapter</li>
                                    <li>Bluetooth 4.0</li>
                            </ul>
                        </div>
                    </div>
                </div>",MFG#: 7265.NGWWB.W,,
https://webobjects2.cdw.com/is/image/CDW/4768077?$400x350$,Networking,CDW#: 4768077,The NETSCOUT 802.11a/b/g/n/ac 3x3:2 USB Adapter (AM/D1080) is an 802.11ac compliant wireless adapter for your Windows PC.,NetScout Adapter Kit Wireless 11AC,$208.99,"<div class=""quick-tech-spec"">
                    <div class=""quick-tech-spec-row"">
                        <div class=""quick-tech-spec-col"">
                            <ul>
                                    <li> 11AC</li>
                            </ul>
                        </div>
                        <div class=""quick-tech-spec-col"">
                            <ul>
                            </ul>
                        </div>
                    </div>
                </div>",MFG#: AM/D1080-Z1,,https://webobjects2.cdw.com/is/image/CDW/4768077a
https://webobjects2.cdw.com/is/image/CDW/5182956?$400x350$,Networking,CDW#: 5182956,"The Intel Dual Band Wireless AC 7265 Wi-Fi and Bluetooth Adapter offers faster speeds, higher capacity, broader coverage and longer battery life. It works on the IEEE 802.11ac LAN standard and delivers 6x faster Wi-Fi speeds than 802.11n at a transmission speed of 867 Mb/s, with up to 3x more bandwidth per stream for more users and devices. With dual mode Bluetooth 4.2, connect to low-energy Bluetooth products as well as familiar devices such as, headsets, keyboards and mice, among others. It supports Intel Smart Connect Technology, vPro, Intel Wireless Display and OS Windows 7/8/8.1.",Intel Dual Band Wireless AC 7265 Wi-Fi Network Adapter,$20.99,"<div class=""quick-tech-spec"">
                    <div class=""quick-tech-spec-row"">
                        <div class=""quick-tech-spec-col"">
                            <ul>
                                    <li> Form Factor: M.2 2230,1216</li>
                                    <li>Wireless Transmission Speed: 867Mbps</li>
                                    <li>LAN Standard: IEEE 802.11ac,Bluetooth 4.0</li>
                            </ul>
                        </div>
                        <div class=""quick-tech-spec-col"">
                            <ul>
                                    <li>Interface: PCIe,USB</li>
                                    <li>Frequency Range: 2.4GHz and 5GHz</li>
                                    <li>Supports Intel Smart Connect Technology,vPro,Intel Wireless Display</li>
                            </ul>
                        </div>
                    </div>
                </div>",MFG#: 7265NGWWBW-SP,,
https://webobjects2.cdw.com/is/image/CDW/6240241?$400x350$,Networking,CDW#: 6240241,"The Intel Dual Band Wireless-AC 7265 802.11ac, 2 x 2 Wi-Fi and Bluetooth adapter lets you move at the speed of life with 3x faster speed (up to 867 Mbps) than 802.11n Wi-Fi, more capacity for more devices, better performance at further distances, improved reliability for fewer dropped connections, and lower power consumption for longer battery life.",Intel Dual Band Wireless-AC 7265 - network adapter - M.2 Card,$946.99,"<div class=""quick-tech-spec"">
                    <div class=""quick-tech-spec-row"">
                        <div class=""quick-tech-spec-col"">
                            <ul>
                                    <li>AC 7265</li>
                                    <li>M.2 Card</li>
                                    <li>802.11ac</li>
                            </ul>
                        </div>
                        <div class=""quick-tech-spec-col"">
                            <ul>
                                    <li>Network adapter</li>
                                    <li>Bluetooth 4.0</li>
                            </ul>
                        </div>
                    </div>
                </div>",MFG#: 7265.NGWG.NVW,,
https://webobjects2.cdw.com/is/image/CDW/6871317?$400x350$,Networking,CDW#: 6871317,"The 802.11 ac, dual-band, 2 x 2 Wi-Fi plus Bluetooth adapter that lets you move at the speed of life with faster speeds, higher capacity, broader coverage, and longer battery life. Combined with 4th generation Intel Core processors and exceptional Intel wireless innovations, the Intel Dual Band Wireless-AC 7260 dramatically reshapes your connected experience at home, work, or on the go.",Intel Dual Band Wireless-AC 7260 - network adapter - PCIe Half Mini Card,$27.99,"<div class=""quick-tech-spec"">
                    <div class=""quick-tech-spec-row"">
                        <div class=""quick-tech-spec-col"">
                            <ul>
                                    <li>AC 7260</li>
                                    <li>PCIe Half Mini Card</li>
                                    <li>802.11ac</li>
                            </ul>
                        </div>
                        <div class=""quick-tech-spec-col"">
                            <ul>
                                    <li>Network adapter</li>
                                    <li>Bluetooth 4.0</li>
                            </ul>
                        </div>
                    </div>
                </div>",MFG#: 7260.HMW,,
https://webobjects2.cdw.com/is/image/CDW/2489956?$400x350$,Networking,CDW#: 2489956,"Add High Speed Wireless N Connectivity to a Desktop or Laptop Computer through USB. The USB150WN1X1 USB 802.11N Mini Wireless Network Adapter allows almost any USB-enabled desktop, laptop or netbook computer system to connect to 'n', 'g' or 'b' wireless networks. Using a 1T1R (1 Transmitter/1 Receiver) design over the 2.4GHz frequency in an extremely compact form factor, the USB adapter is capable of reaching up to 150Mbps over an 802.11n network while taking up minimal space.","StarTech.com USB Wifi Adapter, Wireless-N Network 802.11n/g - Nano 1T1R NIC",$14.99,"<div class=""quick-tech-spec"">
                    <div class=""quick-tech-spec-row"">
                        <div class=""quick-tech-spec-col"">
                            <ul>
                                    <li>Add High Speed Wireless N Connectivity to a Desktop or Laptop Computer through USB</li>
                                    <li>USB WiFi Network Card/USB Wireless NIC/Wireless over USB</li>
                                    <li>Upgrade your existing Wireless NIC externally via USB</li>
                            </ul>
                        </div>
                        <div class=""quick-tech-spec-col"">
                            <ul>
                                    <li>Compatible with USB equipped computers such as Dell Inspiron 530 series</li>
                                    <li>Supports Wireless 802.11 N/G (150 Mbps) for Wireless Internet applications such as online gaming and Video Streaming</li>
                                    <li>USB Wireless N Adapter/USB N Adapter/USB WiFi Adapter/USB Wireless LAN/WLAN Adapter</li>
                            </ul>
                        </div>
                    </div>
                </div>",MFG#: USB150WN1X1,,"https://webobjects2.cdw.com/is/image/CDW/2489956a,https://webobjects2.cdw.com/is/image/CDW/2489956b"
https://webobjects2.cdw.com/is/image/CDW/5185593?$400x350$,Networking,CDW#: 5185593,"The Intel Dual Band Wireless-AC 8265 adapter supports Bluetooth 4.2 and 2x2 11ac Wi-Fi delivering high speeds including wave 2 features such as downlink MU-MIMO providing increase in user speeds in dense deployments, supporting fast downloads and long battery life. Intel Dual Band Wireless-AC 8265 dramatically reshapes your connected experience at home, work or on the go.",Intel Dual Band Wireless-AC 8265 - network adapter,$21.99,"<div class=""quick-tech-spec"">
                    <div class=""quick-tech-spec-row"">
                        <div class=""quick-tech-spec-col"">
                            <ul>
                                    <li>AC 8265</li>
                                    <li>M.2 Card</li>
                                    <li>Bluetooth 4.2</li>
                            </ul>
                        </div>
                        <div class=""quick-tech-spec-col"">
                            <ul>
                                    <li>Network adapter</li>
                                    <li>802.11ac</li>
                            </ul>
                        </div>
                    </div>
                </div>",MFG#: 8265NGWMG-SP,,
https://webobjects2.cdw.com/is/image/CDW/1327830?$400x350$,Networking,CDW#: 1327830,This RocketPort INFINITY octacable product delivers eight-ports of additional in-server serial connectivity via a fan-out DB9M octacable. Data communication of 921Kbps is connected through RS-232/422/485 software-selectable ports. The serial adapter card is a low profile design suitable for use in both standard servers and 2U rackmount servers. Product is fully compatible with systems that have 32 or 64 bit 3.3 or 5 Volt PCI and PCI-X expansion slots. The INFINITY design utilizes the Comtrol Unity ASIC technology that takes full advantage of the 66 MHz BUS speed available on PCI-X servers. ,Comtrol RocketPort INFINITY Octacable DB9M,$399.99,,MFG#: 30000-7,,
https://webobjects2.cdw.com/is/image/CDW/1391251?$400x350$,Networking,CDW#: 1391251,"The RocketPort EXPRESS Octa DB25M is an eight port serial adapter that is compatible with systems that have x1, x2, x4, x8, x12 or x16 PCI Express expansion slots. The card is designed for standard and low-profile PCs and servers and ships with a low-profile and a standard-height bracket. The product provides support for software-selectable RS-232/422/485 serial communications and data transmission speeds up to 921 Kbps. Serial connections are made utilizing an external fan-out octacable with eight DB25M connectors that is included with the product. All RocketPort EXPRESS products are European RoHS directive compliant.",Comtrol RocketPort EXPRESS Octacable DB25,$382.99,,MFG#: 30129-5,,
https://webobjects2.cdw.com/is/image/CDW/1404319?$400x350$,Networking,CDW#: 1404319,"The RocketPort EXPRESS Octa DB9 is an eight port serial adapter that is compatible with systems that have x1, x4, x8, or x16 PCI Express expansion slots. The card is designed for standard and low-profile PCs and servers and ships with a low-profile and a standard-height bracket. The product provides support for software-selectable RS-232/422/485 serial communications and data transmission speeds up to 921 Kbps. Serial connections are made utilizing an external fan-out octacable with eight DB9M connectors that is included with the product. All RocketPort EXPRESS products are European RoHS directive compliant.",Comtrol RocketPort EXPRESS Octacable DB9,$399.99,,MFG#: 30128-8,,
https://webobjects2.cdw.com/is/image/CDW/2003278?$400x350$,Networking,CDW#: 2003278,"Install half-height/low profile x1 PCI Express interface cards in a standard PCI expansion slot. The PCI1PEX1 PCI to PCI Express Adapter card lets you use low profile PCIe expansion cards in a server/desktop motherboard PCI slot. The adapter connects through a 32-bit PCI slot to provide a low profile PCIe x1 slot in its place; a spare, full size bracket is included for installation in larger desktop or server expansion slots that can accommodate a full-sized card.",StarTech.com PCI to PCI Express Adapter Card,$48.99,"<div class=""quick-tech-spec"">
                    <div class=""quick-tech-spec-row"">
                        <div class=""quick-tech-spec-col"">
                            <ul>
                                    <li>Install half-height/low profile x1 PCI Express interface cards in a standard PCI expansion slot</li>
                                    <li>PCI to PCIe Adapter Card</li>
                                    <li>Innovative bracket design adapts and secures the existing low profile/half-height bracket of the PCI Card</li>
                            </ul>
                        </div>
                        <div class=""quick-tech-spec-col"">
                            <ul>
                                    <li>PCI to PCI Express Adapter Card</li>
                                    <li>Use low profile PCIe expansion cards in a server/desktop motherboard PCI slot</li>
                            </ul>
                        </div>
                    </div>
                </div>",MFG#: PCI1PEX1,,"https://webobjects2.cdw.com/is/image/CDW/2003278a,https://webobjects2.cdw.com/is/image/CDW/2003278b,https://webobjects2.cdw.com/is/image/CDW/2003278c,https://webobjects2.cdw.com/is/image/CDW/2003278d"
https://webobjects2.cdw.com/is/image/CDW/2211527?$400x350$,Networking,CDW#: 2211527,The PEX1S553LP PCI Express Serial Card turns a PCI Express slot into an RS232 (DB9) serial connection.,StarTech.com 1 Port Low Profile Native RS232 PCIe Serial Card w/16550 UART,$49.99,"<div class=""quick-tech-spec"">
                    <div class=""quick-tech-spec-row"">
                        <div class=""quick-tech-spec-col"">
                            <ul>
                                    <li>Add a RS-232 serial port to your standard or small form factor computer through a PCI Express expansion slot</li>
                                    <li>PCI-e Serial Card</li>
                                    <li>RS232 Card</li>
                                    <li>1 Port Low Profile Native RS232 PCI-e Serial Card</li>
                            </ul>
                        </div>
                        <div class=""quick-tech-spec-col"">
                            <ul>
                                    <li>PCI Express Serial Card</li>
                                    <li>PCI Express RS232</li>
                                    <li>PCI Serial Adapter</li>
                                    <li>Includes Full and Low Profile Bracket</li>
                            </ul>
                        </div>
                    </div>
                </div>",MFG#: PEX1S553LP,,"https://webobjects2.cdw.com/is/image/CDW/2211527a,https://webobjects2.cdw.com/is/image/CDW/2211527b,https://webobjects2.cdw.com/is/image/CDW/2211527c,https://webobjects2.cdw.com/is/image/CDW/2211527d,https://webobjects2.cdw.com/is/image/CDW/2211527e,https://webobjects2.cdw.com/is/image/CDW/2211527f"
https://webobjects2.cdw.com/is/image/CDW/2211528?$400x350$,Networking,CDW#: 2211528,"The PEX2S553 PCI Express serial card lets you turn a PCI Express slot into 2 RS232 (DB9) serial ports. Based on a native single chip design (no bridge chip), this 2-port serial adapter card allows you to harness the full capability offered by PCI Express (PCIe), and reducing the load applied to the CPU by as much as 48% over conventional serial cards.",StarTech.com 2 Port Native PCI Express RS232 Serial Adapter Card with 16550,$46.99,"<div class=""quick-tech-spec"">
                    <div class=""quick-tech-spec-row"">
                        <div class=""quick-tech-spec-col"">
                            <ul>
                                    <li>Add 2 RS-232 serial ports to your standard or small form factor computer through a PCI Express expansion slot</li>
                                    <li>PCI Express Serial Card</li>
                                    <li>PCI Express RS232</li>
                                    <li>2 Port Serial Card Adapter</li>
                                    <li>Native single-Chip</li>
                            </ul>
                        </div>
                        <div class=""quick-tech-spec-col"">
                            <ul>
                                    <li>RS232 Card</li>
                                    <li>PCI-e Serial Card</li>
                                    <li>Dual Port Serial Card</li>
                                    <li>Dual Profile PCIe Card</li>
                                    <li>single lane PCI Express</li>
                            </ul>
                        </div>
                    </div>
                </div>",MFG#: PEX2S553,,"https://webobjects2.cdw.com/is/image/CDW/2211528a,https://webobjects2.cdw.com/is/image/CDW/2211528b,https://webobjects2.cdw.com/is/image/CDW/2211528c,https://webobjects2.cdw.com/is/image/CDW/2211528d,https://webobjects2.cdw.com/is/image/CDW/2211528e"
https://webobjects2.cdw.com/is/image/CDW/2211529?$400x350$,Networking,CDW#: 2211529,The PEX2S553LP low profile/half-height PCI Express Serial Card turns a PCI Express slot into two RS232 (DB9) serial connections.,StarTech.com 2 Port Low Profile Native RS232 PCI Express Serial Card,$44.99,"<div class=""quick-tech-spec"">
                    <div class=""quick-tech-spec-row"">
                        <div class=""quick-tech-spec-col"">
                            <ul>
                                    <li>Add 2 high-speed RS-232 serial ports to your low profile/small form factor computer with a PCI Express expansion slot</li>
                                    <li>PCI-e Serial Card</li>
                                    <li>RS232 Card</li>
                                    <li>2 Port Low Profile Native RS232 PCI-e Serial Card</li>
                            </ul>
                        </div>
                        <div class=""quick-tech-spec-col"">
                            <ul>
                                    <li>PCI Express Serial Card</li>
                                    <li>PCI Express RS232</li>
                                    <li>PCI Serial Adapter</li>
                                    <li>Includes Full and Low Profile Bracket</li>
                            </ul>
                        </div>
                    </div>
                </div>",MFG#: PEX2S553LP,,"https://webobjects2.cdw.com/is/image/CDW/2211529a,https://webobjects2.cdw.com/is/image/CDW/2211529b,https://webobjects2.cdw.com/is/image/CDW/2211529c,https://webobjects2.cdw.com/is/image/CDW/2211529d,https://webobjects2.cdw.com/is/image/CDW/2211529e"
https://webobjects2.cdw.com/is/image/CDW/4944582?$400x350$,Networking,CDW#: 4944582,"The WiFi/Bluetooth Module enables BrightSign LS3, HD3, XD3 and XT3 models to network using Wi-Fi and operate BrightBeacon via Bluetooth. This module is installed inside the BrightSign units for embedded wireless/Bluetooth functionality. It supports 802.11a/b/g/n protocols.",BrightSign Series 3 WiFi/Bluetooth Module - network adapter - M.2 Card,$55.99,"<div class=""quick-tech-spec"">
                    <div class=""quick-tech-spec-row"">
                        <div class=""quick-tech-spec-col"">
                            <ul>
                                    <li> Network adapter</li>
                                    <li>Bluetooth 4.0</li>
                            </ul>
                        </div>
                        <div class=""quick-tech-spec-col"">
                            <ul>
                                    <li>M.2 Card</li>
                                    <li>802.11ac</li>
                            </ul>
                        </div>
                    </div>
                </div>",MFG#: WS103,,
https://webobjects2.cdw.com/is/image/CDW/5021050?$400x350$,Networking,CDW#: 5021050,"This USB-C to fiber-optic converter lets you utilize the USB 3.0 (Type-C) port on your laptop or tablet to provide a secure fiber network connection. Windows and Mac compatible, the network adapter provides a Gigabit Ethernet (1000 Mbps) optical network connection for portable laptops or tablets, or systems without expansion slots.",StarTech.com USB C to Fiber Optic Converter - Open SFP - Network Adapter,$258.99,"<div class=""quick-tech-spec"">
                    <div class=""quick-tech-spec-row"">
                        <div class=""quick-tech-spec-col"">
                            <ul>
                                    <li>nect to a GbE network through your laptop’s USB-C port using the Gigabit SFP of your choice</li>
                                    <li>Fiber-to-the-desk connectivity (FTTD) maximizes network security reducing the risk of data leaks</li>
                                    <li>1000BASE-SX/LX</li>
                            </ul>
                        </div>
                        <div class=""quick-tech-spec-col"">
                            <ul>
                                    <li>USB C to Fiber Optic Converter with open SFP slot compatible for MSA compliant SFP modules</li>
                                    <li>USBC Ethernet Network Adapter with certified drivers for Windows / macOS / Linux</li>
                                    <li>USB 3.0 (USB Type-C) to Gigabit Network Adapter provides a fiber connection to laptops or tablets (bus powered)</li>
                            </ul>
                        </div>
                    </div>
                </div>",MFG#: US1GC30SFP,,"https://webobjects2.cdw.com/is/image/CDW/5021050a,https://webobjects2.cdw.com/is/image/CDW/5021050b,https://webobjects2.cdw.com/is/image/CDW/5021050c,https://webobjects2.cdw.com/is/image/CDW/5021050d"
https://webobjects2.cdw.com/is/image/CDW/4851903?$400x350$,Networking,CDW#: 4851903,The Broadcom NetXtreme Gigabit Ethernet Adapters are a family of high performance PCI Express adapters. The adapters are two ports and are supported on ThinkSystem and System x servers.,Lenovo ThinkSystem NetXtreme By Broadcom - network adapter - PCIe 2.0 x4 -,$176.99,"<div class=""quick-tech-spec"">
                    <div class=""quick-tech-spec-row"">
                        <div class=""quick-tech-spec-col"">
                            <ul>
                                    <li> Network adapter</li>
                                    <li>Gigabit Ethernet x 4</li>
                            </ul>
                        </div>
                        <div class=""quick-tech-spec-col"">
                            <ul>
                                    <li>PCIe 2.0 x4 low profile</li>
                                    <li>for ThinkAgile VX2330 Appliance; VX3330 Appliance; VX3530-G Appliance; VX7330-N Appliance</li>
                            </ul>
                        </div>
                    </div>
                </div>",MFG#: 7ZT7A00484,,
https://webobjects2.cdw.com/is/image/CDW/5021048?$400x350$,Networking,CDW#: 5021048,"This USB 3.0 to fiber-optic converter lets you utilize the USB 3.0 (Type-A) port on your laptop or tablet to provide a secure fiber network connection. Windows and Mac compatible, the network adapter provides a Gigabit Ethernet (1000Mbps) optical network connection for portable laptops or tablets, or systems without expansion slots.",StarTech.com USB 3.0 to Fiber Optic Converter / SFP Adapter Gigabit Network,$251.99,"<div class=""quick-tech-spec"">
                    <div class=""quick-tech-spec-row"">
                        <div class=""quick-tech-spec-col"">
                            <ul>
                                    <li>USB 3.0 to Fiber Optic Converter for USB A enabled computers ideal for occasional access to a fiber LAN for laptop users who don't have the option of an internal fiber network card</li>
                                    <li>1x Open SFP (MSA compliant)|1x USB 3.0 Type A|Bus Powered</li>
                                    <li>USB to Open SFP slot supports any MSA compliant SFP+ module</li>
                            </ul>
                        </div>
                        <div class=""quick-tech-spec-col"">
                            <ul>
                                    <li>Gigabit 1000Mbps (1 GbE)|Realtek RTL8153-VB-CG|Multi-mode (MMF) and Single mode (SMF) Fiber Comp.| 9K Jumbo Frames|VLAN</li>
                                    <li>Compact lightweight and cableless adapter</li>
                                    <li>StarTech.com 2-yr Warranty</li>
                            </ul>
                        </div>
                    </div>
                </div>",MFG#: US1GA30SFP,,"https://webobjects2.cdw.com/is/image/CDW/5021048a,https://webobjects2.cdw.com/is/image/CDW/5021048b,https://webobjects2.cdw.com/is/image/CDW/5021048c,https://webobjects2.cdw.com/is/image/CDW/5021048d,https://webobjects2.cdw.com/is/image/CDW/5021048e,https://webobjects2.cdw.com/is/image/CDW/5021048f,https://webobjects2.cdw.com/is/image/CDW/5021048g,https://webobjects2.cdw.com/is/image/CDW/5021048h"
https://webobjects2.cdw.com/is/image/CDW/1312086?$400x350$,Networking,CDW#: 1312086,"Cisco 1-Port 10 Gigabit Ethernet Shared Port Adapter is available on high-end Cisco routing platforms, offering the benefits of network scalability with lower initial costs and ease of upgrades. The Cisco SPA/SIP portfolio continues the company's focus on investment protection along with consistent feature support, broad interface availability, and the latest technology.","Cisco 1-Port 10 Gigabit Ethernet Shared Port Adapter, Version 2 - expansion","$8,924.99","<div class=""quick-tech-spec"">
                    <div class=""quick-tech-spec-row"">
                        <div class=""quick-tech-spec-col"">
                            <ul>
                                    <li>Port 10 Gigabit Ethernet Shared Port Adapter</li>
                                    <li>Expansion module</li>
                                    <li>for P/N: 7600-SIP-600-RF</li>
                                    <li>ASR1000-SIP10-BUN</li>
                                    <li>CRS1-SIP-800-RF</li>
                            </ul>
                        </div>
                        <div class=""quick-tech-spec-col"">
                            <ul>
                                    <li>Version 2</li>
                                    <li>10 GigE</li>
                                    <li>ASR1000-SIP10=</li>
                                    <li>ASR1000-SIP10-RF</li>
                            </ul>
                        </div>
                    </div>
                </div>",MFG#: SPA-1X10GE-L-V2=,,
https://webobjects2.cdw.com/is/image/CDW/4699974?$400x350$,Networking,CDW#: 4699974,"The high-performance PCE-1M2-PX4 M.2 NGFF PCIe SSD (M-Key) PCI Express Card enhances your computer's speed and increases the amount of internal storage by adding an M.2 PCI Express (PCIe) SSD (M-Key) drive. You can add an ultra-fast four-lane M.2 SSD, such as a Samsung 950 Pro or Samsung SM 951, to a computer or server with an available x4, x8 or x16 PCI Express expansion slot.",Tripp Lite M.2 NGFF PCIe SSD (M-Key) PCI Express x4 Card,$15.99,"<div class=""quick-tech-spec"">
                    <div class=""quick-tech-spec-row"">
                        <div class=""quick-tech-spec-col"">
                            <ul>
                                    <li>Adds M.2 PCIe-based SSD (M-Key) to your computer's PCIe expansion slot</li>
                                    <li>Compatible with x4 x8 and x16 PCIe expansion slots</li>
                                    <li>Works with PCIe 3.0 motherboards</li>
                                    <li>Plug/play convenience</li>
                            </ul>
                        </div>
                        <div class=""quick-tech-spec-col"">
                            <ul>
                                    <li>m.2 pcie adapter/ pcie 3.0 x4/ m.2 pcie 3.0/ pcie m2 ssd/ pci express card/ PCIe ssd</li>
                                    <li>Supports 2242 2260 and 2280 M.2 drive types</li>
                                    <li>Backward compatible with PCIe 2.0 and PCIe 1.0</li>
                            </ul>
                        </div>
                    </div>
                </div>",MFG#: PCE-1M2-PX4,,"https://webobjects2.cdw.com/is/image/CDW/4699974a,https://webobjects2.cdw.com/is/image/CDW/4699974b,https://webobjects2.cdw.com/is/image/CDW/4699974c,https://webobjects2.cdw.com/is/image/CDW/4699974d,https://webobjects2.cdw.com/is/image/CDW/4699974e,https://webobjects2.cdw.com/is/image/CDW/4699974f,https://webobjects2.cdw.com/is/image/CDW/4699974g,https://webobjects2.cdw.com/is/image/CDW/4699974h,https://webobjects2.cdw.com/is/image/CDW/4699974i"
https://webobjects2.cdw.com/is/image/CDW/4723083?$400x350$,Networking,CDW#: 4723083,"The USB 3.0 ultimate fiber extender uses multimode fiber optic cabling to extend device signals to remote areas of your factory, office, or security monitoring application. Compatible with the USB 3.0 or ""SuperSpeed USB"" standard, the extender boasts speeds up to 5 Gbps, about ten times that of USB 2.0. This way, you can extend your USB bus connections to newer USB 3.0 devices that use higher bandwidths and require bidirectional asynchronous, full-duplex data transfer. Plus, it supplies more power than USB 2.0 to the remote devices. With the higher data-transfer rate and power, the extender is ideal for connecting industrial USB 3.0 machine vision cameras, particularly those with high power sensors. It's also great for post-production video editing and broadcast applications with USB 3.0 peripherals and external USB CD/DVD drives in different rooms. The extender offers reliable operation with all USB 3.0, including USB hubs.","Black Box USB 3.0 over 50/125 OM3 Multimode Fiber Extender, 2-Port, 5Gbps","$1,034.99","<div class=""quick-tech-spec"">
                    <div class=""quick-tech-spec-row"">
                        <div class=""quick-tech-spec-col"">
                            <ul>
                                    <li> up to 328 ft</li>
                            </ul>
                        </div>
                        <div class=""quick-tech-spec-col"">
                            <ul>
                            </ul>
                        </div>
                    </div>
                </div>",MFG#: IC502A-R2,,https://webobjects2.cdw.com/is/image/CDW/4723083a
https://webobjects2.cdw.com/is/image/CDW/4994113?$400x350$,Networking,CDW#: 4994113,Convert and extend a Gigabit Ethernet connection up to 10 km over single-mode SC fiber. This fiber media converter converts and extends a Gigabit Ethernet fiber (1000 Mbps) network up to 10 km over single-mode fiber on 1000BASE-LX networks.,StarTech.com Single Mode SC Fiber Ethernet Media Converter 10/100/1000 10km,$155.99,"<div class=""quick-tech-spec"">
                    <div class=""quick-tech-spec-row"">
                        <div class=""quick-tech-spec-col"">
                            <ul>
                                    <li>Single Mode fiber Ethernet media converter w/a fixed fiber to copper connection that bridges and extends Ethernet networks</li>
                                    <li>SMF|SC Connector(Full Duplex)|RJ45|LFP|VLAN|Sp- eed and Activity LEDs</li>
                                    <li>MTBF rating 50,000hrs+/Operating temp 0°C-50°C(32°F-122°F)</li>
                            </ul>
                        </div>
                        <div class=""quick-tech-spec-col"">
                            <ul>
                                    <li>Gigabit 10/100/1000Mbps|1000BASE- -LX|1310nm|Max. Distance: 10km(6.2mi)|Unmanaged</li>
                                    <li>Steel housing w/mounting brackets/ESD Surge + Contact and Air Discharge Protection</li>
                            </ul>
                        </div>
                    </div>
                </div>",MFG#: MCMGBSCSM10,,"https://webobjects2.cdw.com/is/image/CDW/4994113a,https://webobjects2.cdw.com/is/image/CDW/4994113b,https://webobjects2.cdw.com/is/image/CDW/4994113c,https://webobjects2.cdw.com/is/image/CDW/4994113d"
https://webobjects2.cdw.com/is/image/CDW/1385712?$400x350$,Networking,CDW#: 1385712,"The RocketPort EXPRESS Quad DB9 is a four port serial adapter that is compatible with systems that have x1, x4, x8, or x16 PCI Express expansion slots. The card is designed for standard and low-profile PCs and servers and ships with a low-profile and a standard-height bracket. The product provides support for software-selectable RS-232/422/485 serial communications and data transmission speeds up to 921 Kbps. Serial connections are made utilizing an external quadcable with four DB9M connectors that is included with the product. All RocketPort EXPRESS products are European RoHS directive compliant.",Comtrol RocketPort EXPRESS Quadcable DB9 - serial adapter,$309.99,"<div class=""quick-tech-spec"">
                    <div class=""quick-tech-spec-row"">
                        <div class=""quick-tech-spec-col"">
                            <ul>
                                    <li> PCIe</li>
                            </ul>
                        </div>
                        <div class=""quick-tech-spec-col"">
                            <ul>
                                    <li>RS-232/422/485 x 4</li>
                            </ul>
                        </div>
                    </div>
                </div>",MFG#: 30126-4,,
https://webobjects2.cdw.com/is/image/CDW/1809666?$400x350$,Networking,CDW#: 1809666,Add an extra serial port to the back of your PC from your motherboard. This 9-pin Serial to 10-pin Header Slot Plate adapter features one DB9 male connector and one IDC10 connector. The adapter is constructed of high quality components and expertly designed to ensure durability and reliability.,StarTech.com 16in 9-pin Serial Male to 10-pin Motherboard Header Slot Plate,$8.99,"<div class=""quick-tech-spec"">
                    <div class=""quick-tech-spec-row"">
                        <div class=""quick-tech-spec-col"">
                            <ul>
                                    <li>Add an extra serial port to the back of your PC from your motherboard.</li>
                                    <li>motherboard serial port</li>
                            </ul>
                        </div>
                        <div class=""quick-tech-spec-col"">
                            <ul>
                                    <li>motherboard adapter</li>
                            </ul>
                        </div>
                    </div>
                </div>",MFG#: PLATE9M16,,"https://webobjects2.cdw.com/is/image/CDW/1809666a,https://webobjects2.cdw.com/is/image/CDW/1809666b,https://webobjects2.cdw.com/is/image/CDW/1809666c"
https://webobjects2.cdw.com/is/image/CDW/2041597?$400x350$,Networking,CDW#: 2041597,"Make the most out of a wireless connection with the Targus Bluetooth 4.0 Dual-Mode micro-USB Adapter. Use it to transfer files, synchronize your calendar, use your phone as a wireless modem to connect to the Internet, connect peripherals like a mouse or keyboard, print from your phone or PC to a Bluetooth printer, jam out to your favorite playlist sans wires, and much more.",Targus Ultra Mini Bluetooth 2.0 Adaptor - network adapter - USB,$39.99,"<div class=""quick-tech-spec"">
                    <div class=""quick-tech-spec-row"">
                        <div class=""quick-tech-spec-col"">
                            <ul>
                                    <li> Network adapter</li>
                                    <li>Bluetooth 2.0 EDR</li>
                            </ul>
                        </div>
                        <div class=""quick-tech-spec-col"">
                            <ul>
                                    <li>USB</li>
                                    <li>black</li>
                            </ul>
                        </div>
                    </div>
                </div>",MFG#: ACB10US1,,https://webobjects2.cdw.com/is/image/CDW/2041597a
https://webobjects2.cdw.com/is/image/CDW/1815958?$400x350$,Networking,CDW#: 1815958,"Install half-height/low profile PCI interface cards in a standard PCI Express expansion slot. This PCIe to PCI Adapter Card lets you use low profile PCI expansion cards in a server or desktop motherboard PCI Express slot. Compliant with PCI Express Specification 1.0a and PCI Specification 2.2, the adapter card connects through a PCIe 1x slot to provide a low profile PCI slot in its place. A spare full size bracket for PCI Express card is also included for use in larger desktop or server PCI Express slots.",StarTech.com PCI Express to PCI Adapter Card - PCI Express to PCI Adapter,$46.99,"<div class=""quick-tech-spec"">
                    <div class=""quick-tech-spec-row"">
                        <div class=""quick-tech-spec-col"">
                            <ul>
                                    <li>Install half-height/low profile PCI interface cards in a standard PCI Express expansion slot</li>
                                    <li>PCI Express to PCI Converter</li>
                                    <li>PCIe to PCI or PCI-X with LP4 Power Connector</li>
                                    <li>PCIe to PCI</li>
                            </ul>
                        </div>
                        <div class=""quick-tech-spec-col"">
                            <ul>
                                    <li>PCI Express to PCI Adapter card</li>
                                    <li>PCIe to PCI Adapter</li>
                                    <li>PCIe x1 to PCI Slot Adapter</li>
                            </ul>
                        </div>
                    </div>
                </div>",MFG#: PEX1PCI1,,"https://webobjects2.cdw.com/is/image/CDW/1815958a,https://webobjects2.cdw.com/is/image/CDW/1815958b,https://webobjects2.cdw.com/is/image/CDW/1815958c,https://webobjects2.cdw.com/is/image/CDW/1815958d,https://webobjects2.cdw.com/is/image/CDW/1815958e"
https://webobjects2.cdw.com/is/image/CDW/2271211?$400x350$,Networking,CDW#: 2271211,"Proline Cisco DS-SFP-FC8G-SW Compatible SFP+ TAA Compliant Transceiver - SFP+ transceiver module - 8Gb Fibre Channel (SW) - LC - for Cisco MDS 9509 Fibre Channel Director, 9509 Multilayer Director, 9513 Multilayer Director.",Proline Cisco DS-SFP-FC8G-SW Compatible SFP+ TAA Compliant Transceiver - SF,$99.99,"<div class=""quick-tech-spec"">
                    <div class=""quick-tech-spec-row"">
                        <div class=""quick-tech-spec-col"">
                            <ul>
                                    <li>SFP-FC8G-SW Compatible SFP+ TAA Compliant Transceiver</li>
                                    <li>8Gb Fibre Channel (SW)</li>
                                    <li>for Cisco MDS 9509 Fibre Channel Director</li>
                                    <li>9513 Multilayer Director</li>
                            </ul>
                        </div>
                        <div class=""quick-tech-spec-col"">
                            <ul>
                                    <li>SFP+ transceiver module</li>
                                    <li>LC</li>
                                    <li>9509 Multilayer Director</li>
                            </ul>
                        </div>
                    </div>
                </div>",MFG#: DS-SFP-FC8G-SW-CDW,,
https://webobjects2.cdw.com/is/image/CDW/2271220?$400x350$,Networking,CDW#: 2271220,"This Cisco DS-SFP-FC4G-LW compatible SFP transceiver provides 1/2/4Gbs Fibre Channel-LW throughput up to 10km over single-mode fiber (SMF) at a wavelength of 1310nm using a LC connector. It is guaranteed to be 100% compatible with the equivalent Cisco transceiver. This easy to install, hot swappable transceiver has been programmed, uniquely serialized and data-traffic and application tested to ensure that it will initialize and perform identically. It is built to meet or exceed the specifications of Cisco, as well as to comply with MSA (Multi-Source Agreement) standards to ensure seamless network integration. All of our transceivers are Trade Agreements Act (TAA) compliant.",Proline Cisco DS-SFP-FC4G-LW Compatible 1/2/4GBPS Fiber Channel LW SFP,$245.99,"<div class=""quick-tech-spec"">
                    <div class=""quick-tech-spec-row"">
                        <div class=""quick-tech-spec-col"">
                            <ul>
                                    <li>GBIC) transceiver module</li>
                                    <li>LC</li>
                            </ul>
                        </div>
                        <div class=""quick-tech-spec-col"">
                            <ul>
                                    <li>4Gb Fibre Channel (LW)</li>
                                    <li>up to 6.2 miles</li>
                            </ul>
                        </div>
                    </div>
                </div>",MFG#: DS-SFP-FC4G-LW-CDW,,https://webobjects2.cdw.com/is/image/CDW/2271220a
https://webobjects2.cdw.com/is/image/CDW/2271222?$400x350$,Networking,CDW#: 2271222,"Proline transceivers are built to meet or exceed the OEM's specifications, and comply with MSA (Multi-Source Agreement) standards. All products are 100% functionally tested, and are guaranteed compatible.",Proline Cisco DS-SFP-GE-T Compatible 1000Base-T Copper SFP module,$76.99,"<div class=""quick-tech-spec"">
                    <div class=""quick-tech-spec-row"">
                        <div class=""quick-tech-spec-col"">
                            <ul>
                                    <li>GBIC) transceiver module</li>
                                    <li>1000Base-TX</li>
                                    <li>up to 328 ft</li>
                            </ul>
                        </div>
                        <div class=""quick-tech-spec-col"">
                            <ul>
                                    <li>GigE</li>
                                    <li>RJ-45</li>
                            </ul>
                        </div>
                    </div>
                </div>",MFG#: DS-SFP-GE-T-CDW,,"https://webobjects2.cdw.com/is/image/CDW/2271222a,https://webobjects2.cdw.com/is/image/CDW/2271222b"
https://webobjects2.cdw.com/is/image/CDW/2409809?$400x350$,Networking,CDW#: 2409809,"The PEX4S553 4-Port Native PCI Express RS232 Serial Adapter Card with 16550 UART lets you add 4 RS232 (DB9) serial ports, using a single PCI Express expansion slot.",StarTech.com 4 Port Native PCI Express RS232 Serial Adapter Card with 16550,$96.99,"<div class=""quick-tech-spec"">
                    <div class=""quick-tech-spec-row"">
                        <div class=""quick-tech-spec-col"">
                            <ul>
                                    <li>Add 4 RS-232 serial ports to your standard or small form factor computer through a PCI Express Expansion Slot</li>
                                    <li>4 Port RS232 Card</li>
                                    <li>4 Port PCI Express Serial Card</li>
                                    <li>16550 UART</li>
                            </ul>
                        </div>
                        <div class=""quick-tech-spec-col"">
                            <ul>
                                    <li>4 Port PCIe Serial Card</li>
                                    <li>4 Port Serial Adapter</li>
                                    <li>PCI Express DB9 Serial Card</li>
                                    <li>Standard and low profile /half-height brackets included</li>
                            </ul>
                        </div>
                    </div>
                </div>",MFG#: PEX4S553,,"https://webobjects2.cdw.com/is/image/CDW/2409809a,https://webobjects2.cdw.com/is/image/CDW/2409809b,https://webobjects2.cdw.com/is/image/CDW/2409809c,https://webobjects2.cdw.com/is/image/CDW/2409809d,https://webobjects2.cdw.com/is/image/CDW/2409809e"
https://webobjects2.cdw.com/is/image/CDW/2543217?$400x350$,Networking,CDW#: 2543217,"SIIG's DP 1-Port ECP/EPP Parallel PCIe is a high performance adapter card designed to easily add one ECP/EPP parallel port to your PCIe enabled desktop computer. Its ECP/EPP parallel port delivers data transfer rates of up to 1.5MB/s, and supports ECP, EPP and SPP parallel port modes. Additionally, this dual profile parallel adapter works in PCI Express slots of different lane widths and with the included spare low-profile bracket, the adapter can be installed into either standard height or low profile system chassis. The DP 1-Port ECP/EPP Parallel PCIe is the smart and cost effective choice enabling you to add an extra parallel port for additional parallel port device connections.",SIIG DP 1-port ECP/EPP Parallel PCIe - parallel adapter,$33.99,"<div class=""quick-tech-spec"">
                    <div class=""quick-tech-spec-row"">
                        <div class=""quick-tech-spec-col"">
                            <ul>
                                    <li>port ECP/EPP Parallel PCIe</li>
                                    <li>PCIe low profile</li>
                                    <li>black</li>
                            </ul>
                        </div>
                        <div class=""quick-tech-spec-col"">
                            <ul>
                                    <li>Parallel adapter</li>
                                    <li>parallel</li>
                            </ul>
                        </div>
                    </div>
                </div>",MFG#: JJ-E01211-S1,,
https://webobjects2.cdw.com/is/image/CDW/2211521?$400x350$,Networking,CDW#: 2211521,Add an RS232 serial port to your system using a spare USB header. The ICUSB232INT1 USB to RS232 serial adapter lets you add an RS232 port to any desktop system that is equipped with an available USB motherboard header.,StarTech.com 24in Internal USB Motherboard Serial Port Adapter,$32.99,"<div class=""quick-tech-spec"">
                    <div class=""quick-tech-spec-row"">
                        <div class=""quick-tech-spec-col"">
                            <ul>
                                    <li> USB to Serial</li>
                                    <li>USB to DB9</li>
                                    <li>USB to Serial Port</li>
                                    <li>RS232 Serial Adapter</li>
                            </ul>
                        </div>
                        <div class=""quick-tech-spec-col"">
                            <ul>
                                    <li>USB to RS232</li>
                                    <li>USB to Serial Adapter</li>
                                    <li>Serial Adapter</li>
                            </ul>
                        </div>
                    </div>
                </div>",MFG#: ICUSB232INT1,,"https://webobjects2.cdw.com/is/image/CDW/2211521a,https://webobjects2.cdw.com/is/image/CDW/2211521b,https://webobjects2.cdw.com/is/image/CDW/2211521c"
https://webobjects2.cdw.com/is/image/CDW/2241611?$400x350$,Networking,CDW#: 2241611,"The Arista Small Form-Factor Pluggable (SFP) Optics Cables offer customers a wide variety of high-density and low-power 10 Gigabit and 1 Gigabit Ethernet connectivity options over fiber or copper media. To accommodate an ever increasing spectrum of 10 Gigabit Ethernet applications, Arista offers five transceiver types, each optimized for a different media and distance reach. In addition, the SFP+ ports also support three Gigabit Ethernet SFP transceiver types for single-mode fiber, multi-mode fiber and Cat-5 copper.",Arista Ethernet 10GBase-CR cable - 3.3 ft,Call,"<div class=""quick-tech-spec"">
                    <div class=""quick-tech-spec-row"">
                        <div class=""quick-tech-spec-col"">
                            <ul>
                                    <li>CR cable</li>
                                    <li>3.3 ft</li>
                            </ul>
                        </div>
                        <div class=""quick-tech-spec-col"">
                            <ul>
                                    <li>SFP+ (M) to SFP+ (M)</li>
                            </ul>
                        </div>
                    </div>
                </div>",MFG#: CAB-SFP-SFP-1M,,
https://webobjects2.cdw.com/is/image/CDW/287873?$400x350$,Networking,CDW#: 287873,"Distributed Sniffer System/RMON is the industry's leading network fault isolation and performance management solution. The combination of Sniffer Expert technology, integral RMON1 and RMON2 monitoring, built in reporting, and application layer analysis results in the unique ability to anticipate, isolate, and diagnose network fault and performance problems. That's why more network managers have chosen Sniffer Technologies' Sniffer solution as their network analysis and fault isolation tool than any other product.",Sniffer Distributed Sniffer System/RMON Pro - network monitoring device,"$23,971.99","<div class=""quick-tech-spec"">
                    <div class=""quick-tech-spec-row"">
                        <div class=""quick-tech-spec-col"">
                            <ul>
                                    <li> Network monitoring device</li>
                                    <li>GigE</li>
                            </ul>
                        </div>
                        <div class=""quick-tech-spec-col"">
                            <ul>
                                    <li>1 ports</li>
                            </ul>
                        </div>
                    </div>
                </div>",MFG#: DSS-GBSX-NA-LEG,,
https://webobjects2.cdw.com/is/image/CDW/2271217?$400x350$,Networking,CDW#: 2271217,"This Cisco DS-SFP-FC4G-SW compatible SFP transceiver provides 1/2/4Gbs Fibre Channel-SW throughput up to 150m over multi-mode fiber (MMF) at a wavelength of 850nm using a LC connector. It is guaranteed to be 100% compatible with the equivalent Cisco transceiver. This easy to install, hot swappable transceiver has been programmed, uniquely serialized and data-traffic and application tested to ensure that it will initialize and perform identically. It is built to meet or exceed the specifications of Cisco, as well as to comply with MSA (Multi-Source Agreement) standards to ensure seamless network integration. All of the transceivers are Trade Agreements Act (TAA) compliant.",Proline Cisco DS-SFP-FC4G-SW Compatible 1/2/4GBPS Fiber Channel SW SFP,$69.99,"<div class=""quick-tech-spec"">
                    <div class=""quick-tech-spec-row"">
                        <div class=""quick-tech-spec-col"">
                            <ul>
                                    <li>GBIC) transceiver module</li>
                                    <li>LC</li>
                            </ul>
                        </div>
                        <div class=""quick-tech-spec-col"">
                            <ul>
                                    <li>4Gb Fibre Channel (SW)</li>
                            </ul>
                        </div>
                    </div>
                </div>",MFG#: DS-SFP-FC4G-SW-CDW,,
https://webobjects2.cdw.com/is/image/CDW/2633636?$400x350$,Networking,CDW#: 2633636,"Add a Gigabit RJ45 port through a Mini PCI Express slot. The ST1000SMPEX Mini PCI Express Gigabit Network Adapter Card adds 1000Mbps network connectivity to a Mini PCI Express (PCI Express Mini Card, Mini PCIe) enabled computer system, such as Mini-ITX motherboards. Supporting features such as NDIS5 checksum and large send offload for lower CPU utilization, Wake-on-LAN (WOL) and Remote Wake-up power management, jumbo frames and VLAN tagging, this Mini PCI Express Gigabit Adapter is ready to handle a wide variety of scenarios. Perfect for small form factor or embedded systems that originally lack Gigabit networking capability, or for adding a network connection without taking up a full-sized PCI Express slots, this high quality Mini PCIe Network Adapter includes a low profile/half-height bracket for additional installation options.",StarTech.com Mini PCIe Card - Gigabit Ethernet Network Adapter NIC Card,$53.99,"<div class=""quick-tech-spec"">
                    <div class=""quick-tech-spec-row"">
                        <div class=""quick-tech-spec-col"">
                            <ul>
                                    <li>Add a Gigabit RJ45 port through a Mini PCI Express slot</li>
                                    <li>- mini pci express gigabit</li>
                                    <li>mini pci express nic</li>
                                    <li>gigabit ethernet card</li>
                            </ul>
                        </div>
                        <div class=""quick-tech-spec-col"">
                            <ul>
                                    <li>Mini PCIe Gigabit Network Adapter Card</li>
                                    <li>mini pcie gigabit</li>
                                    <li>gigabit ethernet adapter</li>
                                    <li>10/100/100</li>
                            </ul>
                        </div>
                    </div>
                </div>",MFG#: ST1000SMPEX,,"https://webobjects2.cdw.com/is/image/CDW/2633636a,https://webobjects2.cdw.com/is/image/CDW/2633636b,https://webobjects2.cdw.com/is/image/CDW/2633636c,https://webobjects2.cdw.com/is/image/CDW/2633636d"
https://webobjects2.cdw.com/is/image/CDW/2826994?$400x350$,Networking,CDW#: 2826994,"The new Intel Ethernet Server Adapter I350-F2 builds on Intel's extended history of excellence in Ethernet products. Intel continues its market leadership with this new generation of PCIe GbE network adapters. Built with the bridgeless Intel I350 Ethernet Controller, these adapters represent the next step in the GbE networking evolution for the enterprise and data center by introducing new levels of performance through industry-leading enhancements for both virtualized and iSCSI Unified Networking environments. This new family of adapters also includes new power management technologies such as Energy Efficient Ethernet (EEE) and DMA Coalescing (DMAC). Intel Ethernet - It just works!",Intel Ethernet Server Adapter I350-F2 - network adapter,$515.99,"<div class=""quick-tech-spec"">
                    <div class=""quick-tech-spec-row"">
                        <div class=""quick-tech-spec-col"">
                            <ul>
                                    <li> PCI Express 2.0 x4 low profile</li>
                                    <li>1000Base-SX</li>
                            </ul>
                        </div>
                        <div class=""quick-tech-spec-col"">
                            <ul>
                                    <li>Gigabit Ethernet</li>
                                    <li>2 ports</li>
                            </ul>
                        </div>
                    </div>
                </div>",MFG#: I350F2BLK,,https://webobjects2.cdw.com/is/image/CDW/2826994a
https://webobjects2.cdw.com/is/image/CDW/2852656?$400x350$,Networking,CDW#: 2852656,The HP GBIC Transceiver is an 8 Gb shortwave fiber channel SFP+ transceiver designed for use with the B-series switch.,HP 8GB Short Wave B-Series SFP+ 1 Transceiver,$156.99,"<div class=""quick-tech-spec"">
                    <div class=""quick-tech-spec-row"">
                        <div class=""quick-tech-spec-col"">
                            <ul>
                                    <li> Interfaces 1x8Gb Fibre Channel (SW)</li>
                            </ul>
                        </div>
                        <div class=""quick-tech-spec-col"">
                            <ul>
                                    <li>Data Transfer Rate: 8.5Gbps</li>
                            </ul>
                        </div>
                    </div>
                </div>",MFG#: AJ716B,,
https://webobjects2.cdw.com/is/image/CDW/2869291?$400x350$,Networking,CDW#: 2869291,"Add 8 DIN Rail-mountable RS232 Serial ports to any system through USB. The ICUSB2328I Industrial 8-Port USB to Serial Hub with DIN Rail Clips converts a single USB port into eight RS232 serial ports, enabling you to connect to, monitor and control your serial devices.",StarTech.com 8 Port USB to DB9 RS232 Serial Adapter Hub – Wall Mountable,$197.99,"<div class=""quick-tech-spec"">
                    <div class=""quick-tech-spec-row"">
                        <div class=""quick-tech-spec-col"">
                            <ul>
                                    <li>Add 8 DIN Rail-mountable RS232 Serial ports to any system through USB</li>
                                    <li>8 Port USB to Serial</li>
                                    <li>USB Serial Hub</li>
                                    <li>Integrated wallmount brackets and included DIN Rail clips for versatile mounting options</li>
                            </ul>
                        </div>
                        <div class=""quick-tech-spec-col"">
                            <ul>
                                    <li>8 Port USB to RS232</li>
                                    <li>Industrial USB to Serial Converter</li>
                                    <li>USB to DB9 Serial Adapter</li>
                            </ul>
                        </div>
                    </div>
                </div>",MFG#: ICUSB2328I,,"https://webobjects2.cdw.com/is/image/CDW/2869291a,https://webobjects2.cdw.com/is/image/CDW/2869291b,https://webobjects2.cdw.com/is/image/CDW/2869291c"
https://webobjects2.cdw.com/is/image/CDW/3028535?$400x350$,Networking,CDW#: 3028535,"The Cisco 1-Port 10-Gigabit Ethernet LAN/WAN-PHY SPA is available on high-end Cisco routing platforms, offering the benefits of network scalability with lower initial costs and ease of upgrades. The Cisco SPA/SIP portfolio continues Cisco's focus on investment protection along with consistent feature support, broad interface availability, and the latest technology. The Cisco SPA/SIP portfolio allows deployment of different interfaces on the same interface processor.",Cisco 1-Port 10 Gigabit Ethernet LAN/WAN-PHY Shared Port Adapter - expansio,"$3,099.99","<div class=""quick-tech-spec"">
                    <div class=""quick-tech-spec-row"">
                        <div class=""quick-tech-spec-col"">
                            <ul>
                                    <li>Port 10 Gigabit Ethernet LAN/WAN-PHY Shared Port Adapter</li>
                                    <li>10 GigE</li>
                                    <li>for P/N: ASR1002X-SB</li>
                            </ul>
                        </div>
                        <div class=""quick-tech-spec-col"">
                            <ul>
                                    <li>Expansion module</li>
                                    <li>with EP Bundle</li>
                            </ul>
                        </div>
                    </div>
                </div>",MFG#: SPA-1X10GE-L-V2EP,,https://webobjects2.cdw.com/is/image/CDW/3028535a
https://webobjects2.cdw.com/is/image/CDW/3211269?$400x350$,Networking,CDW#: 3211269,"Enjoy expanded use of a notebook PC, tablet, smartphone or other mobile device by wirelessly mirroring the screen image of the device on a flat panel display or projector. This Wireless Audio/Video Receiver allows simple streaming of videos, movies, images, files and other content in crisp 1080p resolution. The Wireless Audio/Video Receiver eliminates the need for signal adapters or long length cables by creating a new sharing experience, which is easy to set up and use. Designed for use with a variety of Miracast-enabled devices, this adapter will mirror and transmit content in real-time with near zero latency for uninterrupted viewing. With quick, easy setup you can begin enjoying content on your TV in just minutes. Connect the Wireless HDMI Adapter to your HDTV, projector or display with an HDMI cable for audio/video and USB for power, and then wirelessly connect to the adapter from the menu of the mobile device. Content from your mobile device is instantly available on your TV with no restricting wires or cables!",C2G Wireless Audio/Video Receiver,$84.99,"<div class=""quick-tech-spec"">
                    <div class=""quick-tech-spec-row"">
                        <div class=""quick-tech-spec-col"">
                            <ul>
                                    <li>Audio/Video Receiver</li>
                                    <li>Stream videos,files,and other content at 1080p resolution</li>
                                    <li>HDMI Cable will be required to connect</li>
                            </ul>
                        </div>
                        <div class=""quick-tech-spec-col"">
                            <ul>
                                    <li>Wirelessly mirror the screen image of your device on a flat panel display or projector</li>
                                    <li>Includes a USB power cord and quick start guide</li>
                                    <li>C2G 1 Year Limited Warranty</li>
                            </ul>
                        </div>
                    </div>
                </div>",MFG#: 29358,,"https://webobjects2.cdw.com/is/image/CDW/3211269a,https://webobjects2.cdw.com/is/image/CDW/3211269b,https://webobjects2.cdw.com/is/image/CDW/3211269c,https://webobjects2.cdw.com/is/image/CDW/3211269d,https://webobjects2.cdw.com/is/image/CDW/3211269e"
https://webobjects2.cdw.com/is/image/CDW/3330767?$400x350$,Networking,CDW#: 3330767,"Cisco 1-Port 10 Gigabit Ethernet Shared Port Adapter is available on high-end Cisco routing platforms, offering the benefits of network scalability with lower initial costs and ease of upgrades. The Cisco SPA/SIP portfolio continues the company's focus on investment protection along with consistent feature support, broad interface availability, and the latest technology.","Cisco 1-Port 10 Gigabit Ethernet Shared Port Adapter, Version 2 - expansion","$5,115.99","<div class=""quick-tech-spec"">
                    <div class=""quick-tech-spec-row"">
                        <div class=""quick-tech-spec-col"">
                            <ul>
                                    <li>Port 10 Gigabit Ethernet Shared Port Adapter</li>
                                    <li>Expansion module</li>
                                    <li>refurbished</li>
                                    <li>7603</li>
                                    <li>7606</li>
                                    <li>7613; XR 12XXX</li>
                            </ul>
                        </div>
                        <div class=""quick-tech-spec-col"">
                            <ul>
                                    <li>Version 2</li>
                                    <li>10 GigE</li>
                                    <li>for Cisco 12XXX</li>
                                    <li>7604</li>
                                    <li>7609</li>
                            </ul>
                        </div>
                    </div>
                </div>",MFG#: SPA-1X10GE-L-V2-RF,,
https://webobjects2.cdw.com/is/image/CDW/2211530?$400x350$,Networking,CDW#: 2211530,"The PEX2S5531P 2S1P PCI Express card turns a PCI Express slot into two RS232 (DB9) serial ports and one parallel port. The adapter card features a native PCI Express single chip design that allows you to take advantage of full PCI Express capability, providing improved speed and reliability while reducing the load applied to the CPU by as much as 48% over conventional serial cards which use a bridge chip design.",StarTech.com 2S1P Native PCI Express Parallel Serial Combo Card with 16550,$42.99,"<div class=""quick-tech-spec"">
                    <div class=""quick-tech-spec-row"">
                        <div class=""quick-tech-spec-col"">
                            <ul>
                                    <li>Add 1 parallel port and 2 RS-232 serial ports to your standard or low-profile computer through a PCI Express expansion slot</li>
                                    <li>PCI Express Serial Card</li>
                                    <li>PCIe Serial Parallel</li>
                                    <li>Dual Profile PCIe Card</li>
                                    <li>single lane PCI Express</li>
                            </ul>
                        </div>
                        <div class=""quick-tech-spec-col"">
                            <ul>
                                    <li>PCi Express Serial Parallel Card</li>
                                    <li>PCI Express Parallel Card</li>
                                    <li>PCI Express RS232</li>
                                    <li>Native single-Chip</li>
                            </ul>
                        </div>
                    </div>
                </div>",MFG#: PEX2S5531P,,"https://webobjects2.cdw.com/is/image/CDW/2211530a,https://webobjects2.cdw.com/is/image/CDW/2211530b,https://webobjects2.cdw.com/is/image/CDW/2211530c,https://webobjects2.cdw.com/is/image/CDW/2211530d,https://webobjects2.cdw.com/is/image/CDW/2211530e"
https://webobjects2.cdw.com/is/image/CDW/6290624?$400x350$,Networking,CDW#: 6290624,10/100 Mbps Media Converter 100Mbps SFP to RJ45/Cat6 12-56V DC IP-30 Housing. An industrial media converter that converts fiber to copper at a network endpoint.,StarTech.com Industrial Fiber to Ethernet Media Converter 100Mb SFP to RJ45,$116.99,"<div class=""quick-tech-spec"">
                    <div class=""quick-tech-spec-row"">
                        <div class=""quick-tech-spec-col"">
                            <ul>
                                    <li>Fiber to Ethernet Media Converter extends and converts optical fiber to RJ45 copper/ CAT6</li>
                                    <li>Power using 48-56VDC terminal block and/or barrel adapter for power flexibility</li>
                                    <li>Network media converter uses standard SFPs for multimode or single-mode fiber connections</li>
                            </ul>
                        </div>
                        <div class=""quick-tech-spec-col"">
                            <ul>
                                    <li>Industrial Hardened -40C to 75C temp</li>
                                    <li>100Mbps | Open SFP | AC (18-36V) or DC (12-56V) | Single Mode (SMF) and Multi-mode (MMF) Fiber | 16K Jumbo Frames | LFP | IP-30 Aluminum Housing |DIN or Wall Mountable |MTBF 500000 +hrs</li>
                            </ul>
                        </div>
                    </div>
                </div>",MFG#: IMC100MSFP,,"https://webobjects2.cdw.com/is/image/CDW/6290624a,https://webobjects2.cdw.com/is/image/CDW/6290624b,https://webobjects2.cdw.com/is/image/CDW/6290624c"
https://webobjects2.cdw.com/is/image/CDW/5430157?$400x350$,Networking,CDW#: 5430157,"Adds one M.2 M key PCIe (NVMe or AHCI) SSD to your PCIe equipped desktop computer to dramatically increase speed and performance. Note: This adapter is not compatible with B key M.2 PCIe SSDs or M.2 SATA SSDs. Accommodates 2230, 2242, 2260 and 2280 form factor M.2 PCIe SSDs (NVMe or AHCI) via multiple mounting hole options. Compatible with PCIe 3.0 specification and backward compatible with PCIe 1.0 and PCIe 2.0 specifications. Works seamlessly in PCIe x1, x4, x8, and x16 bus slots. Includes both low-profile and full-profile slot brackets for flexible system chassis installation. Plug and Play with no driver installation required.",SIIG M.2 PCIe SSD to PCIe Adapter - storage controller - M.2 Card - PCIe 3.,$16.99,"<div class=""quick-tech-spec"">
                    <div class=""quick-tech-spec-row"">
                        <div class=""quick-tech-spec-col"">
                            <ul>
                                    <li> Storage controller</li>
                                    <li>PCIe 3.0</li>
                                    <li>TAA Compliant</li>
                            </ul>
                        </div>
                        <div class=""quick-tech-spec-col"">
                            <ul>
                                    <li>M.2 Card low profile</li>
                                    <li>black</li>
                            </ul>
                        </div>
                    </div>
                </div>",MFG#: SC-M20111-S1,,"https://webobjects2.cdw.com/is/image/CDW/5430157a,https://webobjects2.cdw.com/is/image/CDW/5430157b,https://webobjects2.cdw.com/is/image/CDW/5430157c,https://webobjects2.cdw.com/is/image/CDW/5430157d,https://webobjects2.cdw.com/is/image/CDW/5430157e"
https://webobjects2.cdw.com/is/image/CDW/543699?$400x350$,Networking,CDW#: 543699,"This PCI-based 10/100/1000 Mbps Gigabit Ethernet Network Adapter Card provides a simple connection to a Gigabit Ethernet network, and is fully compatible with IEEE 802.3, 802.3u, 802.3ab and 802.3x standards.",StarTech.com 1 Port PCI 32 Bit Gigabit Ethernet Network Adapter Card,$15.99,"<div class=""quick-tech-spec"">
                    <div class=""quick-tech-spec-row"">
                        <div class=""quick-tech-spec-col"">
                            <ul>
                                    <li>Add a 10/100/1000Mbps Ethernet port to any PC through a PCI slot</li>
                                    <li>Gigabit Ethernet Adapter</li>
                                    <li>Server Adapter</li>
                                    <li>10/100/1000</li>
                                    <li>1 Port PCI 32 Bit Gigabit Ethernet Network Adapter Card</li>
                            </ul>
                        </div>
                        <div class=""quick-tech-spec-col"">
                            <ul>
                                    <li>PCI Gigabit Ethernet</li>
                                    <li>Gigabit Network Card</li>
                                    <li>PCI</li>
                                    <li>10Base-T 100Base-TX 1000Base-T</li>
                                    <li>Low and Full Profile Bracket Included</li>
                            </ul>
                        </div>
                    </div>
                </div>",MFG#: ST1000BT32,,"https://webobjects2.cdw.com/is/image/CDW/543699a,https://webobjects2.cdw.com/is/image/CDW/543699b,https://webobjects2.cdw.com/is/image/CDW/543699c,https://webobjects2.cdw.com/is/image/CDW/543699d,https://webobjects2.cdw.com/is/image/CDW/543699e"
https://webobjects2.cdw.com/is/image/CDW/5556964?$400x350$,Networking,CDW#: 5556964,"This RS232 Serial Adapter Card lets you add two RS232 (DB9) serial ports to your computer through a PCI Express (PCIe) slot. It enables you to interact with serial devices, such as card readers, printers, PIN pads, and modems, at speeds of up to 921.4Kbps.",StarTech.com 2-port PCI Express RS232 Serial Adapter Card - PCIe Dual DB9,$53.99,"<div class=""quick-tech-spec"">
                    <div class=""quick-tech-spec-row"">
                        <div class=""quick-tech-spec-col"">
                            <ul>
                                    <li>Dual port DB9 serial controller card w/ 16950 UART using ASIX AX99100 w/bi-directional RS232 speeds up to 921.6Kbps per port; aval. 256 byte FIFO and 9th data bit | New version of PEX2S952LP</li>
                                    <li>Expansion card pre-installed w/2x low profile brackets (standard profile bracket incl.)</li>
                                    <li>Use in PLCs/control/automation/- medical/scanners</li>
                            </ul>
                        </div>
                        <div class=""quick-tech-spec-col"">
                            <ul>
                                    <li>PCI Express RS232 serial adapter card w/power output of 12v/5v/none on DB9 pin 9 w/up to 2A</li>
                                    <li>Windows XP and up/Linux</li>
                                    <li>Lifetime warranty</li>
                            </ul>
                        </div>
                    </div>
                </div>",MFG#: PEX2S953LP,,"https://webobjects2.cdw.com/is/image/CDW/5556964a,https://webobjects2.cdw.com/is/image/CDW/5556964b,https://webobjects2.cdw.com/is/image/CDW/5556964c,https://webobjects2.cdw.com/is/image/CDW/5556964d,https://webobjects2.cdw.com/is/image/CDW/5556964e,https://webobjects2.cdw.com/is/image/CDW/5556964f,https://webobjects2.cdw.com/is/image/CDW/5556964g,https://webobjects2.cdw.com/is/image/CDW/5556964h,https://webobjects2.cdw.com/is/image/CDW/5556964i"
https://webobjects2.cdw.com/is/image/CDW/5814833?$400x350$,Networking,CDW#: 5814833,"Easily adds one serial port and one parallel port through an available PCI Express slot. 16C650 UART serial port with data transfer rate up to 250Kbps. Compliant with PCI Express 2.0 Gen 1. Compatible with IEEE 1284 -1994 parallel port standard for SPP/Byte/ECP Mode. Single-lane (X1) PCI Express end-point controller with PHY integrated. Full serial modem control. Hardware and software flow control. 5, 6, 7, 8 and 9-bit serial format. Even, odd, none, space and mark parity. On chip 256 byte FIFO buffers in transmit, receive path. Works as standard RS-232 port or with 5V or 12V power output for devices that require power (such as handheld scanners, table scanners, POS displays, etc.), power output configurable via jumpers. Supports PCI bus Power Management Interface Specification Revision 1.2. Dual-profile design fits full height and low-profile system chassis with the included spare low-profile brackets. Perfect solution to connect with POS systems, industrial testing and control devices, security systems, log",SIIG DP Cyber 1S1P - parallel/serial adapter - PCIe 2.0 - RS-232 x 1 + para,$32.99,"<div class=""quick-tech-spec"">
                    <div class=""quick-tech-spec-row"">
                        <div class=""quick-tech-spec-col"">
                            <ul>
                                    <li> Parallel/serial adapter</li>
                                    <li>RS-232 x 1 + parallel x 1</li>
                            </ul>
                        </div>
                        <div class=""quick-tech-spec-col"">
                            <ul>
                                    <li>PCIe 2.0</li>
                                    <li>green</li>
                            </ul>
                        </div>
                    </div>
                </div>",MFG#: JJ-E20311-S1,,"https://webobjects2.cdw.com/is/image/CDW/5814833a,https://webobjects2.cdw.com/is/image/CDW/5814833b"
https://webobjects2.cdw.com/is/image/CDW/5838895?$400x350$,Networking,CDW#: 5838895,"Add eight RS232 DB9 serial ports to your desktop computer, through two PCIe expansion card slots. This PCI express serial card, with two breakout cables, provides you with multiple ports to connect a wide variety of serial peripherals, at speeds of up to 921.4Kbps.
Connect your Peripherals with 8 Serial Ports
The PCI express serial port card makes it easy to add serial ports to connect your peripherals including printers, scanners, credit/debit card readers, PIN pads and modems, industrial controls and more. The 8 port PCIe serial card includes 2 breakout cables - each with 4 DB9 connectors. It also features a UART 16550.
Versatile Use
The low profile PCI E serial card is the ideal choice for adding serial ports, even when space is at a premium. The DB9 serial card is designed to fit into small form factor and standard computer cases. The card comes pre-configured with a LP bracket, and includes two optional full-profile brackets, so installation is easy regardless of the case form factor.
Maximum Compatibility
With broad OS support, including for Windows and Linux, this PCI Express card is easy to integrate into mixed environments. 
PEX8S1050LP is backed by a StarTech.com lifetime warranty and free lifetime technical support.",StarTech.com 8-Port PCI Express RS232 Serial Adapter Card - PCIe - 15kV ESD,$186.99,"<div class=""quick-tech-spec"">
                    <div class=""quick-tech-spec-row"">
                        <div class=""quick-tech-spec-col"">
                            <ul>
                                    <li>8 port PCIe DB9 serial controller card w/16C1050 UART; Systembase SB16C1058PCI w/bi-directional RS232 speed 921.6Kbps/port; 256 byte FIFO; 15kV ESD | An upgrade to our popular card PEX8S950LP</li>
                                    <li>Expansion card w/2x DB44 to 4xDB9 breakout cables incl; Hex nuts incl. for opt. screw/nut DB9 interface</li>
                                    <li>For PLCs/control/automation/- medical</li>
                            </ul>
                        </div>
                        <div class=""quick-tech-spec-col"">
                            <ul>
                                    <li>PCI Express RS232 serial adapter card w/pwr output of 12v/5v/none on DB9 pin 9; Max. 3A total</li>
                                    <li>Win XP and up/Linux; 2 low profile brackets</li>
                            </ul>
                        </div>
                    </div>
                </div>",MFG#: PEX8S1050LP,,"https://webobjects2.cdw.com/is/image/CDW/5838895a,https://webobjects2.cdw.com/is/image/CDW/5838895b,https://webobjects2.cdw.com/is/image/CDW/5838895c,https://webobjects2.cdw.com/is/image/CDW/5838895d,https://webobjects2.cdw.com/is/image/CDW/5838895e,https://webobjects2.cdw.com/is/image/CDW/5838895f,https://webobjects2.cdw.com/is/image/CDW/5838895g,https://webobjects2.cdw.com/is/image/CDW/5838895h,https://webobjects2.cdw.com/is/image/CDW/5838895i,https://webobjects2.cdw.com/is/image/CDW/5838895j"
https://webobjects2.cdw.com/is/image/CDW/5855026?$400x350$,Networking,CDW#: 5855026,"Add 5 GbE network access to your laptop, using the USB-A port on your laptop. This 5G network adapter gives you wired Ethernet network access.
Powerful 5 Gbps Network Connections
Ideal for office or home use, the network adapter supports full 5 Gigabit bandwidth by harnessing the performance of USB 3.0. You can quickly access very large files over a 5 Gigabit network, saving valuable time every day.
Native Driver Support Makes Installation Easy
Get up and running quickly. Simply plug this superspeed USB-A to Ethernet adapter into the USB port on your laptop and connect to your network. The Aquantia AQC111U chipset provides native driver support for Mac OS and Linux. Any Windows operating systems without the driver will be automatically prompted to download the software directly from the adapter, ensuring a quick installation with no Internet access required.
Compact and Lightweight for Perfect Portability
Compact and portable, this USB multi gigabit network converter dongle is the ideal desktop network adapter or laptop accessory. You don’t have to carry a power adapter with you to use it, because it’s powered directly from the host USB port.
The US5GA30 is backed by a StarTech.com 2-year warranty and free lifetime technical support.",StarTech.com 5GbE USB A to Ethernet Adapter 1/2.5/5GbE USB 3.0 NBASE-T NIC,$109.99,"<div class=""quick-tech-spec"">
                    <div class=""quick-tech-spec-row"">
                        <div class=""quick-tech-spec-col"">
                            <ul>
                                    <li>5GbE USB A to Ethernet Adapter allows power users to securely connect to high-speed networks (LAN) from USB 3.1 Type-A Laptop</li>
                                    <li>NBASE-T NIC for high-speeds over Cat 5e Cables</li>
                                    <li>2-Yr Warranty</li>
                            </ul>
                        </div>
                        <div class=""quick-tech-spec-col"">
                            <ul>
                                    <li>USB-A 3.0/3.1 | 1x RJ45 | 5 Gbps Multi-Gigabit Ethernet | 4 Speed 100Mbps/1G/2.5G/5G | Marvell AQC111U | NBASE-T/5GBASE-T | 16K Jumbo Frame | WoL | VLAN | USB Powered</li>
                                    <li>Supports Windows 7/8.1/10/Server 2008 R2/2012 R2/2016/2019/Linux LTS Kernel 4.19+/MacOS 10.11 to 10.14/VMware ESXi 6.5/6.7/7.0</li>
                            </ul>
                        </div>
                    </div>
                </div>",MFG#: US5GA30,,"https://webobjects2.cdw.com/is/image/CDW/5855026a,https://webobjects2.cdw.com/is/image/CDW/5855026b,https://webobjects2.cdw.com/is/image/CDW/5855026c,https://webobjects2.cdw.com/is/image/CDW/5855026d"
https://webobjects2.cdw.com/is/image/CDW/6006103?$400x350$,Networking,CDW#: 6006103,Archer T2U Plus has one 5dBi high-gain external antenna to ensure stronger signal transmission and reception. Enjoy a stable Wi-Fi connection throughout your home.,TP-Link Archer T2U Plus - network adapter - USB 2.0,$19.99,"<div class=""quick-tech-spec"">
                    <div class=""quick-tech-spec-row"">
                        <div class=""quick-tech-spec-col"">
                            <ul>
                                    <li> Network adapter</li>
                                    <li>802.11ac</li>
                            </ul>
                        </div>
                        <div class=""quick-tech-spec-col"">
                            <ul>
                                    <li>USB 2.0</li>
                            </ul>
                        </div>
                    </div>
                </div>",MFG#: ARCHER T2U PLUS,,"https://webobjects2.cdw.com/is/image/CDW/6006103a,https://webobjects2.cdw.com/is/image/CDW/6006103b,https://webobjects2.cdw.com/is/image/CDW/6006103c"
https://webobjects2.cdw.com/is/image/CDW/6115021?$400x350$,Networking,CDW#: 6115021,"UB400 turns Non-Bluetooth PC or laptop into Bluetooth-capable. Just connect your Bluetooth devices to your computer and enjoy it with ease. A sleek, ultra-small design means you can insert the Nano adapter into any USB port and simply keep it there, no matter when you are traveling or at home. With a transmission distance of up to 10 m, you can enjoy lossless music via your Bluetooth headset without hovering around your computer.",TP-Link USB Bluetooth Adapter (UB400) 4.0 BT Receiver Supports PC & Devices,$9.99,"<div class=""quick-tech-spec"">
                    <div class=""quick-tech-spec-row"">
                        <div class=""quick-tech-spec-col"">
                            <ul>
                                    <li> Network adapter</li>
                                    <li>Bluetooth 4.0</li>
                            </ul>
                        </div>
                        <div class=""quick-tech-spec-col"">
                            <ul>
                                    <li>USB 2.0</li>
                            </ul>
                        </div>
                    </div>
                </div>",MFG#: UB400,,"https://webobjects2.cdw.com/is/image/CDW/6115021a,https://webobjects2.cdw.com/is/image/CDW/6115021b,https://webobjects2.cdw.com/is/image/CDW/6115021c,https://webobjects2.cdw.com/is/image/CDW/6115021d,https://webobjects2.cdw.com/is/image/CDW/6115021e"
https://webobjects2.cdw.com/is/image/CDW/6190622?$400x350$,Networking,CDW#: 6190622,Quickly adds 2T2R Dual Band WiFi connectivity through an available PCI Express slot to server or desktop systems.,SIIG Wireless 2T2R Dual Band WiFi Ethernet PCIe Card - AC1200 - network ada,$32.99,"<div class=""quick-tech-spec"">
                    <div class=""quick-tech-spec-row"">
                        <div class=""quick-tech-spec-col"">
                            <ul>
                                    <li> AC1200</li>
                                    <li>PCIe 2.1 low profile</li>
                                    <li>black</li>
                            </ul>
                        </div>
                        <div class=""quick-tech-spec-col"">
                            <ul>
                                    <li>Network adapter</li>
                                    <li>802.11ac</li>
                            </ul>
                        </div>
                    </div>
                </div>",MFG#: LB-WR0011-S1,,"https://webobjects2.cdw.com/is/image/CDW/6190622a,https://webobjects2.cdw.com/is/image/CDW/6190622b,https://webobjects2.cdw.com/is/image/CDW/6190622c,https://webobjects2.cdw.com/is/image/CDW/6190622d,https://webobjects2.cdw.com/is/image/CDW/6190622e"
https://webobjects2.cdw.com/is/image/CDW/6422460?$400x350$,Networking,CDW#: 6422460,"Using advanced technology, TL-PA7017 KIT ensures stable and high-speed wired connection, providing faster data transmissions. Stream in HD, game online and download large files without interruption.",TP-Link Powerline Ethernet Adapter Kit (TL-PA7017 KIT) AV1000 Gigabit Port,$51.99,"<div class=""quick-tech-spec"">
                    <div class=""quick-tech-spec-row"">
                        <div class=""quick-tech-spec-col"">
                            <ul>
                                    <li>PA7017 KIT</li>
                                    <li>Starter Kit</li>
                                    <li>GigE</li>
                                    <li>HomePlug AV (HPAV) 2.0</li>
                                    <li>wall-pluggable (pack of 2)</li>
                            </ul>
                        </div>
                        <div class=""quick-tech-spec-col"">
                            <ul>
                                    <li>V4</li>
                                    <li>powerline adapter kit</li>
                                    <li>HomePlug AV (HPAV)</li>
                                    <li>IEEE 1901</li>
                            </ul>
                        </div>
                    </div>
                </div>",MFG#: TL-PA7017 KIT,,"https://webobjects2.cdw.com/is/image/CDW/6422460a,https://webobjects2.cdw.com/is/image/CDW/6422460b,https://webobjects2.cdw.com/is/image/CDW/6422460c,https://webobjects2.cdw.com/is/image/CDW/6422460d,https://webobjects2.cdw.com/is/image/CDW/6422460e,https://webobjects2.cdw.com/is/image/CDW/6422460f,https://webobjects2.cdw.com/is/image/CDW/6422460g,https://webobjects2.cdw.com/is/image/CDW/6422460h,https://webobjects2.cdw.com/is/image/CDW/6422460i,https://webobjects2.cdw.com/is/image/CDW/6422460j"
https://webobjects2.cdw.com/is/image/CDW/6493696?$400x350$,Networking,CDW#: 6493696,PCI Express 2.0 LPT PCIe 1x Slot 2.5 Mbps Lifetime Warranty. This PCIe Parallel controller card installs into an available PCI-Express x1 slot in your computer and enables you to add DB25 parallel communication port to your system.,StarTech.com 1-Port Parallel PCIe Card - PCI Express DB25 LPT Printer Card,$34.99,"<div class=""quick-tech-spec"">
                    <div class=""quick-tech-spec-row"">
                        <div class=""quick-tech-spec-col"">
                            <ul>
                                    <li>Parallel PCIe card | Add a DB25 parallel port using a PCI Express 2.0 Gen 1 full or low profile PCIe x1 card slot (brackets incl) | Full profile bracket installed | Latest version of our popular PEX1P parallel card</li>
                                    <li>Use parallel port LPT controller with printers/scanners/plotte- rs</li>
                                    <li>Windows/Linux</li>
                            </ul>
                        </div>
                        <div class=""quick-tech-spec-col"">
                            <ul>
                                    <li>TECH SPECS: SPP/Byte/Nibble/ECP modes | Compatible w/IEEE 1284 up to 2.5Mbps | Asix AX99100 chip</li>
                                    <li>Parallel port expansion/adapter card is compliant with PCI-e Base Spec. Rev 1.1/PCI Power Mgmt 1.2</li>
                            </ul>
                        </div>
                    </div>
                </div>",MFG#: PEX1P2,,"https://webobjects2.cdw.com/is/image/CDW/6493696a,https://webobjects2.cdw.com/is/image/CDW/6493696b,https://webobjects2.cdw.com/is/image/CDW/6493696c,https://webobjects2.cdw.com/is/image/CDW/6493696d,https://webobjects2.cdw.com/is/image/CDW/6493696e,https://webobjects2.cdw.com/is/image/CDW/6493696f,https://webobjects2.cdw.com/is/image/CDW/6493696g"

